Player,Age,Team,Lg,WAR,G,PA,AB,R,H,2B,3B,HR,RBI,SB,CS,BB,SO,BA,OBP,SLG,OPS,OPS+,rOBA,Rbat+,TB,GIDP,HBP,SH,SF,IBB,Pos,Awards,Salary
Jarren Duran,27.0,BOS,AL,8.7,160.0,735.0,671.0,111.0,191.0,48.0,14.0,21.0,75.0,34.0,7.0,54.0,160.0,0.285,0.342,0.492,0.834,131.0,0.373,134.0,330.0,6.0,6.0,1.0,3.0,1.0,*87,"AS,MVP-8","$2,081,661 "
Shohei Ohtani,29.0,LAD,NL,9.2,159.0,731.0,636.0,134.0,197.0,38.0,7.0,54.0,130.0,59.0,4.0,81.0,162.0,0.31,0.39,0.646,1.036,189.0,0.449,190.0,411.0,7.0,6.0,0.0,5.0,10.0,*D,"AS,MVP-1,SS","$2,000,000 "
Gunnar Henderson,23.0,BAL,AL,9.1,159.0,719.0,630.0,118.0,177.0,31.0,7.0,37.0,92.0,21.0,4.0,78.0,159.0,0.281,0.364,0.529,0.893,158.0,0.385,157.0,333.0,2.0,7.0,0.0,4.0,1.0,*6/D,"AS,MVP-4","$2,763,378 "
Marcus Semien,33.0,TEX,AL,4.1,159.0,718.0,650.0,101.0,154.0,27.0,2.0,23.0,74.0,8.0,3.0,64.0,105.0,0.237,0.308,0.391,0.699,100.0,0.31,100.0,254.0,9.0,3.0,0.0,1.0,2.0,*4,AS,"$26,000,000 "
Juan Soto,25.0,NYY,AL,7.9,157.0,713.0,576.0,128.0,166.0,31.0,4.0,41.0,109.0,7.0,4.0,129.0,119.0,0.288,0.419,0.569,0.989,179.0,0.424,179.0,328.0,10.0,4.0,0.0,4.0,2.0,*9/7DH,"AS,MVP-3,SS","$31,000,000 "
Aaron Judge,32.0,NYY,AL,10.8,158.0,704.0,559.0,122.0,180.0,36.0,1.0,58.0,144.0,10.0,0.0,133.0,171.0,0.322,0.458,0.701,1.159,225.0,0.484,223.0,392.0,22.0,9.0,0.0,2.0,20.0,*8D/97,"AS,MVP-1,SS","$40,000,000 "
Vladimir Guerrero Jr.,25.0,TOR,AL,6.2,159.0,697.0,616.0,98.0,199.0,44.0,1.0,30.0,103.0,2.0,2.0,72.0,96.0,0.323,0.396,0.544,0.94,165.0,0.399,165.0,335.0,16.0,5.0,0.0,4.0,12.0,*3D5/H,"AS,MVP-6,SS","$19,900,000 "
Pete Alonso,29.0,NYM,NL,2.6,162.0,695.0,608.0,91.0,146.0,31.0,0.0,34.0,88.0,3.0,0.0,70.0,172.0,0.24,0.329,0.459,0.788,124.0,0.341,122.0,279.0,14.0,13.0,0.0,4.0,4.0,*3/DH,AS,"$20,500,000 "
Ezequiel Tovar,22.0,COL,NL,3.8,157.0,695.0,655.0,83.0,176.0,45.0,4.0,26.0,78.0,6.0,5.0,23.0,200.0,0.269,0.295,0.469,0.763,102.0,0.325,99.0,307.0,16.0,4.0,5.0,7.0,1.0,*6,"MVP-19,GG","$3,485,706 "
Kyle Schwarber,31.0,PHI,NL,3.5,150.0,692.0,573.0,110.0,142.0,22.0,0.0,38.0,104.0,5.0,3.0,106.0,197.0,0.248,0.366,0.485,0.851,136.0,0.367,137.0,278.0,6.0,5.0,0.0,8.0,4.0,*D/7H,MVP-15,"$20,000,000 "
Anthony Volpe,23.0,NYY,AL,3.4,160.0,689.0,637.0,90.0,155.0,27.0,7.0,12.0,60.0,28.0,7.0,42.0,156.0,0.243,0.293,0.364,0.657,86.0,0.296,84.0,232.0,9.0,4.0,2.0,3.0,1.0,*6/H,,"$1,228,964 "
Willy Adames,28.0,MIL,NL,3.1,161.0,688.0,610.0,93.0,153.0,33.0,0.0,32.0,112.0,21.0,4.0,74.0,173.0,0.251,0.331,0.462,0.794,119.0,0.348,117.0,282.0,12.0,1.0,0.0,3.0,3.0,*6,MVP-10,"$12,250,000 "
Marcell Ozuna,33.0,ATL,NL,4.3,162.0,688.0,606.0,96.0,183.0,31.0,0.0,39.0,104.0,1.0,0.0,74.0,170.0,0.302,0.378,0.546,0.925,153.0,0.394,154.0,331.0,23.0,3.0,0.0,4.0,2.0,*D,"AS,MVP-4","$16,000,000 "
Matt Olson,30.0,ATL,NL,3.8,162.0,685.0,600.0,78.0,148.0,37.0,1.0,29.0,98.0,0.0,0.0,71.0,170.0,0.247,0.333,0.457,0.79,117.0,0.342,117.0,274.0,15.0,9.0,0.0,5.0,5.0,*3,,"$22,000,000 "
Corbin Carroll,23.0,ARI,NL,3.4,158.0,684.0,589.0,121.0,136.0,22.0,14.0,22.0,74.0,35.0,8.0,73.0,130.0,0.231,0.322,0.428,0.749,107.0,0.333,106.0,252.0,3.0,10.0,3.0,9.0,0.0,*89/H,,"$3,535,533 "
Jose Altuve,34.0,HOU,AL,3.4,153.0,682.0,628.0,94.0,185.0,31.0,0.0,20.0,65.0,22.0,7.0,47.0,119.0,0.295,0.35,0.439,0.79,124.0,0.348,126.0,276.0,15.0,7.0,0.0,0.0,2.0,*4/DH,"AS,MVP-15,SS","$41,000,000 "
William Contreras,26.0,MIL,NL,4.9,155.0,679.0,595.0,99.0,167.0,37.0,2.0,23.0,92.0,9.0,2.0,78.0,139.0,0.281,0.365,0.466,0.831,130.0,0.361,129.0,277.0,19.0,3.0,0.0,3.0,5.0,*2D/H,"AS,MVP-5,SS","$2,489,074 "
Gleyber Torres,27.0,NYY,AL,1.8,154.0,665.0,587.0,80.0,151.0,26.0,0.0,15.0,63.0,4.0,3.0,65.0,136.0,0.257,0.33,0.378,0.709,102.0,0.318,103.0,222.0,6.0,3.0,2.0,8.0,0.0,*4/H,,"$14,200,000 "
Brandon Nimmo,31.0,NYM,NL,2.2,151.0,663.0,571.0,88.0,128.0,25.0,3.0,23.0,90.0,15.0,0.0,77.0,158.0,0.224,0.327,0.399,0.727,108.0,0.331,111.0,228.0,7.0,12.0,0.0,3.0,1.0,*78/DH,,"$20,250,000 "
Taylor Ward,30.0,LAA,AL,2.3,156.0,663.0,585.0,73.0,144.0,26.0,2.0,25.0,75.0,6.0,4.0,63.0,163.0,0.246,0.323,0.426,0.748,110.0,0.329,111.0,249.0,11.0,7.0,0.0,8.0,0.0,*7D,,"$4,800,000 "
Nick Castellanos,32.0,PHI,NL,0.8,162.0,659.0,606.0,80.0,154.0,30.0,4.0,23.0,86.0,6.0,2.0,41.0,139.0,0.254,0.311,0.431,0.742,105.0,0.327,108.0,261.0,14.0,10.0,0.0,2.0,2.0,*9/D,,"$20,000,000 "
Spencer Steer,26.0,CIN,NL,1.5,158.0,656.0,574.0,74.0,129.0,34.0,4.0,20.0,92.0,25.0,3.0,72.0,137.0,0.225,0.319,0.402,0.721,97.0,0.331,99.0,231.0,5.0,8.0,0.0,2.0,1.0,73/4D9H6,,"$750,000 "
Paul Goldschmidt,36.0,STL,NL,1.3,154.0,654.0,599.0,70.0,147.0,33.0,1.0,22.0,65.0,11.0,0.0,47.0,173.0,0.245,0.302,0.414,0.716,98.0,0.326,104.0,248.0,20.0,2.0,0.0,2.0,2.0,*3/DH,,"$26,000,000 "
Brendan Donovan,27.0,STL,NL,2.6,153.0,652.0,587.0,65.0,163.0,34.0,3.0,14.0,73.0,5.0,5.0,47.0,81.0,0.278,0.342,0.417,0.759,112.0,0.332,112.0,245.0,4.0,13.0,0.0,5.0,0.0,74/5DH9,,"$1,181,922 "
Randy Arozarena,29.0,SEA,AL,1.0,54.0,239.0,199.0,32.0,46.0,14.0,0.0,5.0,23.0,4.0,3.0,28.0,68.0,0.231,0.356,0.377,0.733,118.0,0.334,127.0,75.0,4.0,11.0,0.0,1.0,0.0,7/8D,,"$2,830,620 "
Ryan McMahon,29.0,COL,NL,2.5,153.0,645.0,567.0,68.0,137.0,28.0,0.0,20.0,65.0,4.0,6.0,69.0,185.0,0.242,0.325,0.397,0.722,94.0,0.311,90.0,225.0,9.0,3.0,0.0,4.0,4.0,*5/DH,AS,"$12,000,000 "
Nico Hoerner,27.0,CHC,NL,3.7,151.0,641.0,582.0,86.0,159.0,35.0,1.0,7.0,48.0,31.0,6.0,44.0,66.0,0.273,0.335,0.373,0.708,100.0,0.327,105.0,217.0,8.0,12.0,0.0,3.0,1.0,*46/H,,"$11,500,000 "
Isaac Paredes,25.0,CHC,NL,0.4,52.0,212.0,179.0,23.0,40.0,6.0,0.0,3.0,25.0,1.0,0.0,24.0,37.0,0.223,0.325,0.307,0.633,81.0,0.294,86.0,55.0,4.0,5.0,0.0,4.0,0.0,5/H,,"$1,169,892 "
Freddie Freeman,34.0,LAD,NL,4.7,147.0,638.0,542.0,81.0,153.0,35.0,2.0,22.0,89.0,9.0,2.0,78.0,100.0,0.282,0.378,0.476,0.854,142.0,0.37,142.0,258.0,13.0,10.0,0.0,8.0,9.0,*3,"AS,MVP-17","$20,000,000 "
Adolis García,31.0,TEX,AL,0.3,154.0,637.0,580.0,68.0,130.0,27.0,0.0,25.0,85.0,11.0,5.0,45.0,177.0,0.224,0.284,0.4,0.684,95.0,0.302,94.0,232.0,12.0,6.0,0.0,6.0,2.0,*9D/H,,"$4,750,000 "
Jonathan India,27.0,CIN,NL,1.7,151.0,637.0,533.0,84.0,132.0,28.0,2.0,15.0,58.0,13.0,2.0,80.0,125.0,0.248,0.357,0.392,0.75,106.0,0.34,108.0,209.0,16.0,15.0,2.0,7.0,0.0,*4D/H,,"$3,800,000 "
Masyn Winn,22.0,STL,NL,4.9,150.0,637.0,587.0,85.0,157.0,32.0,5.0,15.0,57.0,11.0,5.0,41.0,109.0,0.267,0.314,0.416,0.73,102.0,0.317,100.0,244.0,1.0,1.0,3.0,5.0,1.0,*6/HD,,"$1,202,146 "
Yordan Alvarez,27.0,HOU,AL,5.4,147.0,635.0,552.0,88.0,170.0,34.0,2.0,35.0,86.0,6.0,0.0,69.0,95.0,0.308,0.392,0.567,0.959,170.0,0.406,169.0,313.0,14.0,10.0,0.0,4.0,16.0,D7,"AS,MVP-9","$10,000,000 "
Nolan Arenado,33.0,STL,NL,2.5,152.0,635.0,578.0,70.0,157.0,23.0,0.0,16.0,71.0,2.0,2.0,44.0,92.0,0.272,0.325,0.394,0.719,101.0,0.315,99.0,228.0,15.0,5.0,0.0,7.0,2.0,*5/DH,,"$24,000,000 "
Alex Bregman,30.0,HOU,AL,4.1,145.0,634.0,581.0,79.0,151.0,30.0,2.0,26.0,75.0,3.0,1.0,44.0,86.0,0.26,0.315,0.453,0.768,116.0,0.334,117.0,263.0,13.0,5.0,0.0,4.0,1.0,*5/D,GG,"$28,500,000 "
Josh Naylor,27.0,CLE,AL,1.5,152.0,633.0,563.0,84.0,137.0,27.0,0.0,31.0,108.0,6.0,2.0,58.0,105.0,0.243,0.32,0.456,0.776,119.0,0.336,117.0,257.0,17.0,7.0,0.0,4.0,7.0,*3D/H,AS,"$6,500,000 "
Bryce Harper,31.0,PHI,NL,4.8,145.0,631.0,550.0,85.0,157.0,42.0,0.0,30.0,87.0,7.0,4.0,76.0,138.0,0.285,0.373,0.525,0.898,148.0,0.381,148.0,289.0,18.0,2.0,1.0,2.0,11.0,*3/D,"AS,MVP-6,SS","$26,100,000 "
Bryan De La Cruz,27.0,PIT,NL,-1.2,44.0,168.0,160.0,17.0,32.0,6.0,0.0,3.0,17.0,2.0,1.0,4.0,52.0,0.2,0.22,0.294,0.514,42.0,0.238,42.0,47.0,2.0,1.0,0.0,3.0,0.0,9/7H,,"$247,740 "
Alex Verdugo,28.0,NYY,AL,0.8,149.0,621.0,559.0,74.0,130.0,28.0,1.0,13.0,61.0,2.0,1.0,49.0,93.0,0.233,0.291,0.356,0.647,84.0,0.288,81.0,199.0,14.0,1.0,2.0,10.0,0.0,*79/8,,"$9,200,000 "
Yainer Diaz,25.0,HOU,AL,3.3,148.0,619.0,585.0,70.0,175.0,29.0,3.0,16.0,84.0,2.0,0.0,24.0,107.0,0.299,0.325,0.441,0.766,116.0,0.339,120.0,258.0,22.0,2.0,0.0,8.0,1.0,2D3/H,,"$768,900 "
Yainer Diaz,25.0,HOU,AL,3.3,148.0,619.0,585.0,70.0,175.0,29.0,3.0,16.0,84.0,2.0,0.0,24.0,107.0,0.299,0.325,0.441,0.766,116.0,0.339,120.0,258.0,22.0,2.0,0.0,8.0,1.0,2D3/H,,"$341,542 "
Brice Turang,24.0,MIL,NL,4.7,155.0,619.0,559.0,72.0,142.0,24.0,4.0,7.0,57.0,50.0,6.0,50.0,105.0,0.254,0.316,0.349,0.665,86.0,0.313,85.0,195.0,8.0,2.0,5.0,3.0,1.0,*4H/D,GG,"$1,116,214 "
Andrew Vaughn,26.0,CHW,AL,0.2,149.0,619.0,570.0,55.0,140.0,30.0,1.0,19.0,70.0,2.0,0.0,38.0,132.0,0.246,0.297,0.402,0.699,99.0,0.305,96.0,229.0,13.0,6.0,0.0,5.0,0.0,*3D/H,,"$3,250,000 "
Brent Rooker,29.0,OAK,AL,5.6,145.0,614.0,546.0,82.0,160.0,26.0,2.0,39.0,112.0,11.0,3.0,59.0,177.0,0.293,0.365,0.562,0.927,165.0,0.399,166.0,307.0,5.0,5.0,0.0,4.0,4.0,*D/79H,"MVP-10,SS","$1,437,804 "
George Springer,34.0,TOR,AL,1.1,145.0,614.0,545.0,74.0,120.0,19.0,3.0,19.0,56.0,16.0,1.0,60.0,115.0,0.22,0.303,0.371,0.674,91.0,0.312,97.0,202.0,16.0,6.0,0.0,2.0,0.0,*9D/H8,,"$22,500,000 "
Nolan Schanuel,22.0,LAA,AL,1.3,147.0,607.0,519.0,62.0,130.0,19.0,0.0,13.0,54.0,10.0,1.0,68.0,103.0,0.25,0.343,0.362,0.706,100.0,0.321,103.0,188.0,14.0,9.0,3.0,7.0,0.0,*3/HD,,"$750,000 "
Alec Bohm,27.0,PHI,NL,3.0,143.0,606.0,554.0,62.0,155.0,44.0,2.0,15.0,97.0,5.0,2.0,40.0,86.0,0.28,0.332,0.448,0.779,116.0,0.34,117.0,248.0,18.0,6.0,0.0,6.0,2.0,*53/DH,AS,"$4,000,000 "
Brenton Doyle,26.0,COL,NL,4.0,149.0,603.0,542.0,82.0,141.0,24.0,4.0,23.0,72.0,30.0,5.0,46.0,153.0,0.26,0.317,0.446,0.764,104.0,0.338,102.0,242.0,13.0,3.0,4.0,8.0,1.0,*8/DH,GG,"$1,226,750 "
Orlando Arcia,29.0,ATL,NL,0.5,157.0,602.0,551.0,50.0,120.0,24.0,0.0,17.0,46.0,2.0,0.0,41.0,128.0,0.218,0.271,0.354,0.625,72.0,0.278,70.0,195.0,16.0,2.0,1.0,7.0,1.0,*6,,"$2,000,000 "
Zach Neto,23.0,LAA,AL,5.1,155.0,602.0,542.0,70.0,135.0,34.0,1.0,23.0,77.0,30.0,10.0,39.0,140.0,0.249,0.318,0.443,0.761,112.0,0.334,112.0,240.0,14.0,16.0,4.0,1.0,1.0,*6/H,,"$1,192,551 "
Rafael Devers,27.0,BOS,AL,3.7,138.0,601.0,525.0,87.0,143.0,34.0,5.0,28.0,83.0,3.0,0.0,67.0,147.0,0.272,0.354,0.516,0.871,141.0,0.368,134.0,271.0,13.0,3.0,0.0,6.0,14.0,*5/D,"AS,MVP-13","$25,000,000 "
Oneil Cruz,25.0,PIT,NL,2.5,146.0,599.0,541.0,72.0,140.0,34.0,3.0,21.0,76.0,22.0,1.0,51.0,181.0,0.259,0.324,0.449,0.773,113.0,0.34,110.0,243.0,8.0,3.0,0.0,4.0,5.0,*68H/D,,"$1,238,928 "
Alec Burleson,25.0,STL,NL,1.2,152.0,595.0,547.0,71.0,147.0,20.0,0.0,21.0,78.0,9.0,4.0,35.0,76.0,0.269,0.314,0.42,0.735,104.0,0.325,105.0,230.0,8.0,4.0,1.0,6.0,0.0,D97H3,,"$750,050 "
Dansby Swanson,30.0,CHC,NL,3.9,149.0,593.0,534.0,82.0,129.0,27.0,2.0,16.0,66.0,19.0,3.0,54.0,144.0,0.242,0.312,0.39,0.701,97.0,0.313,96.0,208.0,7.0,2.0,0.0,3.0,2.0,*6/H,,"$25,000,000 "
Seiya Suzuki,29.0,CHC,NL,3.5,132.0,585.0,512.0,74.0,145.0,27.0,6.0,21.0,73.0,16.0,6.0,63.0,160.0,0.283,0.366,0.482,0.848,137.0,0.364,136.0,247.0,6.0,6.0,0.0,4.0,3.0,9D/7H,,"$20,000,000 "
Riley Greene,23.0,DET,AL,5.4,137.0,584.0,512.0,82.0,134.0,27.0,6.0,24.0,74.0,4.0,2.0,64.0,156.0,0.262,0.348,0.479,0.827,134.0,0.358,133.0,245.0,2.0,5.0,0.0,2.0,3.0,7D8/9H,AS,"$1,284,146 "
Jake Burger,28.0,MIA,NL,0.5,137.0,579.0,535.0,68.0,134.0,23.0,1.0,29.0,76.0,1.0,1.0,31.0,150.0,0.25,0.301,0.46,0.76,105.0,0.327,100.0,246.0,11.0,9.0,0.0,4.0,2.0,35D/H,,"$760,000 "
Jorge Soler,32.0,ATL,NL,0.1,49.0,182.0,152.0,27.0,37.0,11.0,0.0,9.0,24.0,0.0,0.0,24.0,44.0,0.243,0.356,0.493,0.849,133.0,0.364,133.0,75.0,0.0,3.0,0.0,1.0,0.0,9/7H,,"$2,295,674 "
Jackson Chourio,20.0,MIL,NL,3.8,148.0,573.0,528.0,80.0,145.0,29.0,4.0,21.0,79.0,22.0,7.0,39.0,121.0,0.275,0.327,0.464,0.791,118.0,0.344,115.0,245.0,7.0,3.0,1.0,2.0,4.0,*79/HD,"MVP-22,ROY-3","$4,901,335 "
Ceddanne Rafaela,23.0,BOS,AL,2.8,152.0,571.0,544.0,70.0,134.0,23.0,5.0,15.0,75.0,19.0,10.0,15.0,151.0,0.246,0.274,0.39,0.664,84.0,0.299,85.0,212.0,8.0,7.0,2.0,3.0,1.0,864/5H9,,"$3,000,000 "
Bryson Stott,26.0,PHI,NL,2.5,148.0,571.0,506.0,65.0,124.0,19.0,2.0,11.0,57.0,32.0,3.0,53.0,93.0,0.245,0.315,0.356,0.671,88.0,0.309,87.0,180.0,9.0,3.0,0.0,9.0,1.0,*46H/D,,"$1,019,338 "
Cody Bellinger,28.0,CHC,NL,2.2,130.0,569.0,516.0,72.0,137.0,23.0,3.0,18.0,78.0,9.0,2.0,45.0,89.0,0.266,0.325,0.426,0.751,110.0,0.326,108.0,220.0,10.0,3.0,0.0,5.0,7.0,98D3/7,,"$27,500,000 "
Michael Busch,26.0,CHC,NL,2.8,152.0,567.0,496.0,73.0,123.0,28.0,2.0,21.0,65.0,2.0,1.0,63.0,162.0,0.248,0.335,0.44,0.775,117.0,0.338,118.0,218.0,9.0,4.0,0.0,4.0,1.0,*3H/4D5,,"$1,067,223 "
Matt Vierling,27.0,DET,AL,3.0,144.0,567.0,518.0,80.0,133.0,28.0,5.0,16.0,57.0,6.0,1.0,41.0,121.0,0.257,0.312,0.423,0.735,108.0,0.323,106.0,219.0,9.0,3.0,0.0,5.0,1.0,859H7/D3,,"$1,093,719 "
Colton Cowser,24.0,BAL,AL,3.1,153.0,561.0,499.0,77.0,121.0,24.0,3.0,24.0,69.0,9.0,4.0,52.0,172.0,0.242,0.321,0.447,0.768,122.0,0.329,119.0,223.0,9.0,7.0,0.0,3.0,2.0,*789H/D,ROY-2,"$1,721,471 "
Wyatt Langford,22.0,TEX,AL,3.9,134.0,557.0,499.0,74.0,126.0,25.0,4.0,16.0,74.0,19.0,3.0,51.0,115.0,0.253,0.325,0.415,0.74,112.0,0.329,110.0,207.0,6.0,4.0,0.0,3.0,3.0,*7D8,ROY-7,"$1,108,844 "
Colt Keith,22.0,DET,AL,1.1,148.0,556.0,516.0,54.0,134.0,15.0,4.0,13.0,61.0,7.0,1.0,36.0,110.0,0.26,0.309,0.38,0.689,96.0,0.308,95.0,196.0,4.0,2.0,0.0,2.0,2.0,*4DH,,"$4,742,569 "
Lourdes Gurriel Jr.,30.0,ARI,NL,2.0,133.0,553.0,513.0,72.0,143.0,22.0,2.0,18.0,75.0,7.0,1.0,29.0,101.0,0.279,0.322,0.435,0.757,109.0,0.329,106.0,223.0,16.0,6.0,0.0,5.0,1.0,*7H/D3,,"$10,000,000 "
Christian Walker,33.0,ARI,NL,2.6,130.0,552.0,479.0,72.0,120.0,26.0,0.0,26.0,84.0,2.0,2.0,55.0,133.0,0.251,0.335,0.468,0.803,121.0,0.34,116.0,224.0,12.0,10.0,0.0,8.0,4.0,*3/H,GG,"$10,900,000 "
Zack Gelof,24.0,OAK,AL,1.4,138.0,547.0,497.0,60.0,105.0,20.0,2.0,17.0,49.0,25.0,3.0,38.0,188.0,0.211,0.27,0.362,0.632,82.0,0.286,80.0,180.0,7.0,4.0,3.0,5.0,0.0,*4/H,,"$740,000 "
Will Smith,29.0,LAD,NL,3.5,128.0,544.0,476.0,77.0,118.0,24.0,2.0,20.0,75.0,1.0,1.0,51.0,105.0,0.248,0.327,0.433,0.76,115.0,0.327,112.0,206.0,8.0,9.0,0.0,8.0,6.0,*2/HD,AS,"$38,550,000 "
Steven Kwan,26.0,CLE,AL,4.0,122.0,540.0,480.0,83.0,140.0,16.0,3.0,14.0,44.0,12.0,5.0,53.0,51.0,0.292,0.368,0.425,0.793,127.0,0.352,128.0,204.0,5.0,5.0,2.0,0.0,0.0,*7/DH,"AS,GG","$1,313,153 "
Brendan Rodgers,27.0,COL,NL,1.1,135.0,539.0,501.0,67.0,134.0,29.0,1.0,13.0,54.0,1.0,0.0,31.0,132.0,0.267,0.314,0.407,0.721,93.0,0.317,92.0,204.0,12.0,4.0,1.0,2.0,1.0,*4/DH,,"$3,200,000 "
Trea Turner,31.0,PHI,NL,3.0,121.0,539.0,505.0,88.0,149.0,25.0,0.0,21.0,62.0,19.0,4.0,27.0,98.0,0.295,0.338,0.469,0.807,123.0,0.358,127.0,237.0,10.0,6.0,0.0,1.0,0.0,*6/D,AS,"$27,322,727 "
Justin Turner,39.0,SEA,AL,1.2,48.0,190.0,159.0,22.0,42.0,7.0,0.0,5.0,24.0,0.0,0.0,20.0,35.0,0.264,0.363,0.403,0.766,128.0,0.341,130.0,64.0,1.0,7.0,0.0,4.0,2.0,3D/H5,,"$2,903,226 "
Jesús Sánchez,26.0,MIA,NL,0.7,149.0,537.0,489.0,60.0,123.0,25.0,1.0,18.0,64.0,16.0,2.0,41.0,140.0,0.252,0.313,0.417,0.731,99.0,0.326,96.0,204.0,12.0,4.0,1.0,2.0,2.0,*9HD7,,"$2,100,000 "
Ty France,29.0,CIN,NL,-0.4,52.0,195.0,179.0,18.0,45.0,10.0,0.0,5.0,20.0,1.0,0.0,10.0,31.0,0.251,0.292,0.391,0.683,86.0,0.302,83.0,70.0,5.0,2.0,0.0,4.0,0.0,3/DH,,"$1,000,000 "
Shea Langeliers,26.0,OAK,AL,2.9,137.0,534.0,482.0,58.0,108.0,18.0,2.0,29.0,80.0,4.0,2.0,41.0,145.0,0.224,0.288,0.45,0.739,111.0,0.321,111.0,217.0,15.0,5.0,0.0,6.0,2.0,*2/HD,,"$1,000,500 "
Corey Seager,30.0,TEX,AL,5.0,123.0,533.0,475.0,68.0,132.0,21.0,0.0,30.0,74.0,1.0,1.0,53.0,96.0,0.278,0.353,0.512,0.864,146.0,0.363,139.0,243.0,8.0,3.0,0.0,2.0,11.0,*6D/H,"AS,MVP-15","$34,500,000 "
Lane Thomas,28.0,CLE,AL,-0.2,53.0,187.0,172.0,23.0,36.0,10.0,0.0,7.0,23.0,4.0,2.0,12.0,65.0,0.209,0.267,0.39,0.657,85.0,0.28,76.0,67.0,1.0,2.0,0.0,1.0,1.0,89/HD,,"$1,816,662 "
Sal Frelick,24.0,MIL,NL,2.1,145.0,524.0,475.0,66.0,123.0,22.0,4.0,2.0,32.0,18.0,3.0,39.0,78.0,0.259,0.32,0.335,0.655,84.0,0.303,84.0,159.0,8.0,4.0,2.0,1.0,0.0,*987H/5D,GG,"$979,049 "
Andrew Benintendi,29.0,CHW,AL,-0.8,135.0,522.0,477.0,50.0,109.0,20.0,0.0,20.0,64.0,3.0,2.0,41.0,96.0,0.229,0.289,0.396,0.685,95.0,0.299,92.0,189.0,12.0,1.0,0.0,3.0,1.0,*7H/D8,,"$16,500,000 "
Logan O'Hoppe,24.0,LAA,AL,2.7,136.0,522.0,479.0,64.0,117.0,17.0,1.0,20.0,56.0,2.0,3.0,33.0,155.0,0.244,0.303,0.409,0.712,99.0,0.315,102.0,196.0,7.0,8.0,1.0,1.0,0.0,*2/HD,,"$1,023,114 "
Rhys Hoskins,31.0,MIL,NL,-0.2,131.0,517.0,449.0,59.0,96.0,14.0,0.0,26.0,82.0,3.0,0.0,53.0,149.0,0.214,0.303,0.419,0.722,99.0,0.314,95.0,188.0,11.0,7.0,0.0,6.0,1.0,3D/H,,"$12,000,000 "
Mookie Betts,31.0,LAD,NL,4.8,116.0,516.0,450.0,75.0,130.0,24.0,5.0,19.0,75.0,16.0,2.0,61.0,57.0,0.289,0.372,0.491,0.863,144.0,0.377,145.0,221.0,10.0,1.0,0.0,4.0,2.0,694/H,"AS,MVP-13,SS","$22,000,000 "
Andrew McCutchen,37.0,PIT,NL,0.8,120.0,515.0,448.0,66.0,104.0,18.0,1.0,20.0,50.0,3.0,2.0,58.0,133.0,0.232,0.328,0.411,0.739,105.0,0.332,110.0,184.0,9.0,7.0,0.0,2.0,1.0,*D/9H,,"$5,000,000 "
Tyler Stephenson,27.0,CIN,NL,2.4,138.0,515.0,457.0,69.0,118.0,26.0,1.0,19.0,66.0,1.0,0.0,48.0,117.0,0.258,0.338,0.444,0.782,113.0,0.345,114.0,203.0,9.0,8.0,0.0,2.0,2.0,*2HD,,"$2,525,000 "
Jake Meyers,28.0,HOU,AL,1.7,148.0,513.0,461.0,51.0,101.0,20.0,3.0,13.0,61.0,11.0,3.0,35.0,117.0,0.219,0.286,0.36,0.646,83.0,0.288,83.0,166.0,17.0,10.0,3.0,4.0,0.0,*8H/7D,,"$767,300 "
Daulton Varsho,27.0,TOR,AL,5.0,136.0,513.0,459.0,73.0,98.0,21.0,7.0,18.0,58.0,10.0,2.0,48.0,137.0,0.214,0.293,0.407,0.7,97.0,0.306,94.0,187.0,2.0,4.0,1.0,1.0,1.0,*87/H9D,GG,"$5,650,000 "
Joey Ortiz,25.0,MIL,NL,2.7,142.0,511.0,440.0,58.0,105.0,25.0,6.0,11.0,60.0,11.0,6.0,56.0,103.0,0.239,0.329,0.398,0.726,102.0,0.317,98.0,175.0,10.0,6.0,3.0,6.0,0.0,*56/H4,,"$1,169,163 "
Jesse Winker,30.0,NYM,NL,0.1,44.0,129.0,115.0,12.0,28.0,5.0,0.0,3.0,13.0,0.0,0.0,10.0,22.0,0.243,0.318,0.365,0.683,96.0,0.303,95.0,42.0,3.0,3.0,0.0,1.0,0.0,97HD,,"$2,000,000 "
Ryan Mountcastle,27.0,BAL,AL,2.6,124.0,507.0,473.0,54.0,128.0,30.0,2.0,13.0,63.0,3.0,0.0,27.0,114.0,0.271,0.308,0.425,0.733,112.0,0.323,114.0,201.0,13.0,1.0,0.0,6.0,0.0,*3H/D,,"$4,137,500 "
Gavin Sheets,28.0,CHW,AL,-1.0,139.0,501.0,451.0,35.0,105.0,24.0,1.0,10.0,45.0,2.0,2.0,43.0,106.0,0.233,0.303,0.357,0.66,90.0,0.292,88.0,161.0,6.0,4.0,0.0,3.0,2.0,93DH,,"$756,950 "
Charlie Blackmon,37.0,COL,NL,0.6,124.0,499.0,449.0,59.0,115.0,24.0,5.0,12.0,52.0,6.0,2.0,43.0,86.0,0.256,0.329,0.412,0.741,99.0,0.329,100.0,185.0,4.0,6.0,0.0,1.0,2.0,D9H/8,,"$14,500,000 "
Cedric Mullins,29.0,BAL,AL,2.6,147.0,499.0,444.0,69.0,104.0,16.0,3.0,18.0,54.0,32.0,6.0,41.0,98.0,0.234,0.305,0.405,0.71,106.0,0.322,107.0,180.0,1.0,5.0,2.0,2.0,0.0,*8H/D,,"$6,325,000 "
Isiah Kiner-Falefa,29.0,PIT,NL,0.4,50.0,215.0,208.0,21.0,50.0,10.0,2.0,1.0,10.0,8.0,1.0,3.0,41.0,0.24,0.265,0.322,0.587,63.0,0.27,60.0,67.0,3.0,4.0,0.0,0.0,0.0,64/5H,,"$250,000 "
J.D. Martinez,36.0,NYM,NL,0.5,120.0,495.0,434.0,46.0,102.0,24.0,1.0,16.0,69.0,0.0,0.0,49.0,141.0,0.235,0.32,0.406,0.725,107.0,0.321,108.0,176.0,17.0,6.0,0.0,2.0,0.0,*D/H,,"$4,500,000 "
Jake McCarthy,26.0,ARI,NL,1.7,142.0,495.0,442.0,66.0,126.0,13.0,7.0,8.0,56.0,25.0,6.0,31.0,78.0,0.285,0.349,0.4,0.749,109.0,0.335,107.0,177.0,4.0,14.0,5.0,3.0,1.0,*987H/D,,"$1,180,638 "
Ryan O'Hearn,30.0,BAL,AL,2.0,142.0,494.0,443.0,60.0,117.0,21.0,3.0,15.0,59.0,3.0,1.0,46.0,69.0,0.264,0.334,0.427,0.761,121.0,0.337,125.0,189.0,7.0,2.0,0.0,3.0,2.0,3DH9/7,,"$3,500,000 "
Gavin Lux,26.0,LAD,NL,2.1,139.0,487.0,439.0,59.0,110.0,24.0,2.0,10.0,50.0,5.0,2.0,44.0,110.0,0.251,0.32,0.383,0.703,100.0,0.314,103.0,168.0,8.0,2.0,0.0,2.0,0.0,*4H/6,,"$1,225,000 "
Connor Wong,28.0,BOS,AL,1.5,126.0,487.0,447.0,54.0,125.0,24.0,1.0,13.0,52.0,8.0,7.0,28.0,114.0,0.28,0.333,0.425,0.758,111.0,0.327,107.0,190.0,7.0,9.0,1.0,2.0,1.0,23DH/47,,"$760,000 "
Brandon Marsh,26.0,PHI,NL,3.1,135.0,476.0,418.0,55.0,104.0,17.0,3.0,16.0,60.0,19.0,3.0,50.0,154.0,0.249,0.328,0.419,0.747,108.0,0.338,111.0,175.0,2.0,2.0,1.0,5.0,0.0,*78H/9,,"$1,080,551 "
Josh Rojas,30.0,SEA,AL,2.2,142.0,476.0,422.0,48.0,95.0,19.0,2.0,8.0,31.0,10.0,4.0,46.0,108.0,0.225,0.304,0.336,0.641,91.0,0.289,92.0,142.0,6.0,3.0,1.0,2.0,1.0,*5H4/713D,,"$3,100,000 "
Tyler O'Neill,29.0,BOS,AL,2.6,113.0,473.0,411.0,74.0,99.0,18.0,0.0,31.0,61.0,4.0,0.0,53.0,159.0,0.241,0.336,0.511,0.847,133.0,0.365,131.0,210.0,13.0,7.0,0.0,2.0,5.0,79D/H,,"$5,850,000 "
Jeff McNeil,32.0,NYM,NL,1.6,129.0,472.0,424.0,57.0,101.0,26.0,0.0,12.0,44.0,5.0,1.0,35.0,68.0,0.238,0.308,0.384,0.692,98.0,0.308,98.0,163.0,6.0,9.0,1.0,3.0,1.0,*497/H,,"$10,250,000 "
Michael Harris II,23.0,ATL,NL,3.2,110.0,470.0,440.0,58.0,116.0,14.0,3.0,16.0,48.0,10.0,6.0,23.0,94.0,0.264,0.304,0.418,0.722,98.0,0.32,102.0,184.0,6.0,4.0,0.0,3.0,1.0,*8,,"$5,267,069 "
Austin Riley,27.0,ATL,NL,2.9,110.0,469.0,425.0,63.0,109.0,26.0,2.0,19.0,56.0,0.0,0.0,37.0,118.0,0.256,0.322,0.461,0.783,114.0,0.343,117.0,196.0,6.0,5.0,0.0,2.0,0.0,*5,,"$21,000,000 "
Ryan Jeffers,27.0,MIN,AL,2.1,122.0,465.0,412.0,56.0,93.0,22.0,0.0,21.0,64.0,3.0,0.0,32.0,94.0,0.226,0.3,0.432,0.732,102.0,0.322,103.0,178.0,9.0,14.0,1.0,6.0,0.0,2DH,,"$2,425,000 "
Max Schuemann,27.0,OAK,AL,0.8,133.0,459.0,396.0,55.0,87.0,14.0,0.0,7.0,34.0,14.0,1.0,47.0,119.0,0.22,0.311,0.308,0.619,82.0,0.292,86.0,122.0,8.0,7.0,5.0,4.0,0.0,65/4H789,,"$680,238 "
Giancarlo Stanton,34.0,NYY,AL,0.7,114.0,459.0,417.0,49.0,97.0,20.0,0.0,27.0,72.0,0.0,0.0,38.0,143.0,0.233,0.298,0.475,0.773,116.0,0.33,112.0,198.0,17.0,2.0,0.0,2.0,2.0,*D/H,,"$32,000,000 "
Luke Raley,29.0,SEA,AL,3.2,137.0,455.0,404.0,58.0,98.0,19.0,2.0,22.0,58.0,11.0,2.0,27.0,135.0,0.243,0.32,0.463,0.783,129.0,0.346,131.0,187.0,2.0,20.0,2.0,2.0,0.0,739H/8D,,"$1,067,189 "
Davis Schneider,25.0,TOR,AL,0.0,135.0,454.0,397.0,48.0,76.0,19.0,1.0,13.0,46.0,6.0,0.0,47.0,144.0,0.191,0.282,0.343,0.625,77.0,0.28,76.0,136.0,2.0,5.0,0.0,5.0,0.0,74H/D,,"$744,900 "
Mark Vientos,24.0,NYM,NL,3.1,111.0,454.0,413.0,58.0,110.0,22.0,0.0,27.0,71.0,0.0,0.0,33.0,135.0,0.266,0.322,0.516,0.837,136.0,0.361,137.0,213.0,6.0,3.0,0.0,5.0,0.0,5/H3D,,"$927,690 "
Ernie Clement,28.0,TOR,AL,3.4,139.0,452.0,434.0,48.0,114.0,21.0,3.0,12.0,51.0,12.0,3.0,11.0,41.0,0.263,0.284,0.408,0.692,95.0,0.317,102.0,177.0,11.0,3.0,2.0,2.0,1.0,56H/4D17,,"$1,003,505 "
Jo Adell,25.0,LAA,AL,0.9,130.0,451.0,405.0,54.0,84.0,15.0,2.0,20.0,62.0,15.0,10.0,35.0,126.0,0.207,0.28,0.402,0.682,90.0,0.297,90.0,163.0,9.0,7.0,0.0,3.0,1.0,*9H/D8,,"$770,000 "
Lawrence Butler,23.0,OAK,AL,3.0,125.0,451.0,412.0,63.0,108.0,24.0,2.0,22.0,57.0,18.0,0.0,35.0,108.0,0.262,0.317,0.49,0.807,131.0,0.357,130.0,202.0,8.0,0.0,0.0,4.0,0.0,*9H/8,,"$1,018,673 "
J.P. Crawford,29.0,SEA,AL,2.7,105.0,451.0,392.0,55.0,79.0,16.0,2.0,9.0,37.0,5.0,0.0,52.0,102.0,0.202,0.304,0.321,0.625,86.0,0.286,89.0,126.0,4.0,6.0,0.0,1.0,0.0,6/HD,,"$10,000,000 "
Jarred Kelenic,24.0,ATL,NL,0.4,131.0,449.0,412.0,49.0,95.0,18.0,2.0,15.0,45.0,7.0,2.0,32.0,133.0,0.231,0.286,0.393,0.679,86.0,0.301,86.0,162.0,5.0,1.0,1.0,3.0,1.0,*78H/9,,"$760,000 "
Joc Pederson,32.0,ARI,NL,2.9,132.0,449.0,367.0,62.0,101.0,17.0,1.0,23.0,64.0,7.0,4.0,55.0,105.0,0.275,0.393,0.515,0.908,151.0,0.388,151.0,189.0,5.0,18.0,1.0,3.0,2.0,*DH,,"$9,500,000 "
Wilyer Abreu,25.0,BOS,AL,3.4,132.0,447.0,399.0,59.0,101.0,33.0,2.0,15.0,58.0,8.0,3.0,40.0,125.0,0.253,0.322,0.459,0.781,116.0,0.339,112.0,183.0,7.0,3.0,0.0,5.0,0.0,*9H/78D,"ROY-6,GG","$1,118,245 "
Jordan Westburg,25.0,BAL,AL,2.4,107.0,447.0,416.0,57.0,110.0,26.0,5.0,18.0,63.0,6.0,3.0,22.0,97.0,0.264,0.312,0.481,0.792,128.0,0.34,127.0,200.0,5.0,7.0,1.0,1.0,0.0,54/6D,AS,"$1,066,813 "
Jared Triolo,26.0,PIT,NL,1.3,125.0,446.0,394.0,41.0,85.0,10.0,1.0,9.0,46.0,8.0,1.0,42.0,118.0,0.216,0.296,0.315,0.611,71.0,0.286,74.0,124.0,5.0,5.0,0.0,5.0,0.0,54/36H9,GG,"$745,000 "
Nicky Lopez,29.0,CHW,AL,0.2,124.0,445.0,398.0,40.0,96.0,12.0,3.0,1.0,21.0,5.0,7.0,37.0,67.0,0.241,0.312,0.294,0.606,76.0,0.282,83.0,117.0,3.0,4.0,6.0,0.0,0.0,46/H,,"$4,300,000 "
Andy Pages,23.0,LAD,NL,1.3,116.0,443.0,403.0,65.0,100.0,23.0,1.0,13.0,46.0,1.0,2.0,29.0,108.0,0.248,0.305,0.407,0.712,101.0,0.31,101.0,164.0,8.0,6.0,0.0,4.0,0.0,*89/H7D,,"$608,634 "
Dylan Moore,31.0,SEA,AL,2.2,135.0,441.0,368.0,53.0,74.0,23.0,4.0,10.0,42.0,32.0,6.0,53.0,123.0,0.201,0.32,0.367,0.687,104.0,0.322,109.0,135.0,8.0,14.0,1.0,5.0,1.0,6547H3/8,GG,"$3,050,000 "
Harrison Bader,30.0,NYM,NL,0.9,143.0,437.0,402.0,57.0,95.0,19.0,0.0,12.0,51.0,17.0,8.0,21.0,95.0,0.236,0.284,0.373,0.657,87.0,0.287,84.0,150.0,6.0,8.0,0.0,6.0,1.0,*8H/D,,"$10,500,000 "
Mitch Garver,33.0,SEA,AL,-0.1,114.0,430.0,367.0,37.0,63.0,17.0,0.0,15.0,51.0,0.0,0.0,53.0,133.0,0.172,0.286,0.341,0.627,85.0,0.282,88.0,125.0,9.0,7.0,0.0,3.0,0.0,D2/H,,"$11,500,000 "
Luis Robert Jr.,26.0,CHW,AL,1.4,100.0,425.0,393.0,47.0,88.0,19.0,0.0,14.0,35.0,23.0,6.0,28.0,141.0,0.224,0.278,0.379,0.657,87.0,0.298,88.0,149.0,8.0,2.0,0.0,1.0,2.0,8/DH,,"$12,500,000 "
Mitch Haniger,33.0,SEA,AL,-0.2,121.0,423.0,380.0,42.0,79.0,12.0,0.0,12.0,44.0,0.0,0.0,40.0,126.0,0.208,0.286,0.334,0.62,84.0,0.281,87.0,127.0,10.0,2.0,0.0,1.0,0.0,9DH,,"$12,000,000 "
Masataka Yoshida,30.0,BOS,AL,1.4,108.0,421.0,378.0,45.0,106.0,21.0,0.0,10.0,56.0,2.0,0.0,27.0,52.0,0.28,0.349,0.415,0.765,114.0,0.341,114.0,157.0,6.0,14.0,0.0,2.0,0.0,DH/7,,"$18,000,000 "
Mickey Moniak,26.0,LAA,AL,-0.1,124.0,418.0,392.0,48.0,86.0,17.0,2.0,14.0,49.0,8.0,4.0,21.0,114.0,0.219,0.266,0.38,0.646,80.0,0.283,78.0,149.0,3.0,4.0,0.0,1.0,0.0,*89H/D7,,"$770,000 "
Connor Joe,31.0,PIT,NL,0.6,123.0,416.0,364.0,49.0,83.0,22.0,1.0,9.0,36.0,2.0,2.0,44.0,91.0,0.228,0.32,0.368,0.688,92.0,0.306,92.0,134.0,7.0,6.0,0.0,2.0,1.0,39H/7D,,"$2,125,000 "
Austin Wells,24.0,NYY,AL,2.5,115.0,414.0,354.0,42.0,81.0,18.0,1.0,13.0,55.0,1.0,2.0,47.0,87.0,0.229,0.322,0.395,0.718,104.0,0.318,104.0,140.0,9.0,5.0,1.0,7.0,0.0,*2H/D,ROY-3,"$1,551,564 "
J.T. Realmuto,33.0,PHI,NL,3.0,99.0,413.0,380.0,50.0,101.0,18.0,1.0,14.0,47.0,2.0,2.0,27.0,102.0,0.266,0.322,0.429,0.751,108.0,0.331,112.0,163.0,7.0,5.0,0.0,1.0,1.0,2,,"$23,875,000 "
Pete Crow-Armstrong,22.0,CHC,NL,2.3,123.0,410.0,372.0,46.0,88.0,13.0,6.0,10.0,47.0,27.0,3.0,21.0,98.0,0.237,0.286,0.384,0.67,87.0,0.3,82.0,143.0,4.0,6.0,8.0,3.0,2.0,*8H,,"$930,872 "
Lars Nootbaar,26.0,STL,NL,1.5,109.0,405.0,348.0,39.0,85.0,18.0,3.0,12.0,45.0,7.0,3.0,52.0,79.0,0.244,0.342,0.417,0.758,111.0,0.334,112.0,145.0,10.0,1.0,1.0,3.0,2.0,978/H,,"$761,000 "
Jon Singleton,32.0,HOU,AL,0.3,119.0,405.0,355.0,46.0,83.0,13.0,1.0,13.0,42.0,0.0,0.0,47.0,111.0,0.234,0.321,0.386,0.707,101.0,0.317,105.0,137.0,2.0,0.0,0.0,3.0,0.0,3HD,,"$850,000 "
Seth Brown,31.0,OAK,AL,-0.6,124.0,400.0,372.0,32.0,86.0,11.0,1.0,14.0,44.0,4.0,2.0,25.0,112.0,0.231,0.283,0.379,0.662,91.0,0.291,90.0,141.0,7.0,2.0,0.0,1.0,0.0,739H/D8,,"$2,600,000 "
Trevor Larnach,27.0,MIN,AL,1.3,112.0,400.0,355.0,59.0,92.0,17.0,0.0,15.0,52.0,4.0,1.0,40.0,89.0,0.259,0.338,0.434,0.771,115.0,0.341,117.0,154.0,12.0,3.0,0.0,2.0,1.0,7D9H,,"$660,348 "
Max Kepler,31.0,MIN,AL,1.0,105.0,399.0,368.0,43.0,93.0,21.0,1.0,8.0,42.0,1.0,0.0,22.0,80.0,0.253,0.302,0.38,0.682,90.0,0.315,98.0,140.0,3.0,5.0,0.0,3.0,0.0,9H/D,,"$10,000,000 "
Ke'Bryan Hayes,27.0,PIT,NL,0.8,96.0,396.0,365.0,38.0,85.0,9.0,0.0,4.0,25.0,11.0,2.0,23.0,75.0,0.233,0.283,0.29,0.573,61.0,0.267,60.0,106.0,12.0,4.0,0.0,4.0,1.0,5/H,,"$7,000,000 "
Korey Lee,25.0,CHW,AL,0.1,125.0,394.0,377.0,36.0,79.0,14.0,1.0,12.0,37.0,6.0,3.0,17.0,122.0,0.21,0.244,0.347,0.591,68.0,0.264,68.0,131.0,12.0,0.0,0.0,0.0,0.0,*2H/D,,"$745,000 "
David Fry,28.0,CLE,AL,1.4,122.0,392.0,335.0,44.0,88.0,18.0,1.0,14.0,51.0,4.0,1.0,42.0,84.0,0.263,0.356,0.448,0.804,129.0,0.352,128.0,150.0,13.0,9.0,0.0,4.0,4.0,DH237/59,AS,"$981,856 "
Santiago Espinal,29.0,CIN,NL,-0.4,118.0,391.0,357.0,32.0,88.0,12.0,0.0,9.0,45.0,11.0,1.0,24.0,54.0,0.246,0.295,0.356,0.65,78.0,0.294,73.0,127.0,7.0,2.0,4.0,4.0,1.0,54HD/679,,"$2,725,000 "
Bo Naylor,24.0,CLE,AL,0.7,123.0,389.0,354.0,39.0,71.0,10.0,2.0,13.0,39.0,6.0,3.0,29.0,122.0,0.201,0.264,0.35,0.614,74.0,0.272,71.0,124.0,3.0,2.0,2.0,2.0,1.0,*2H/D,,"$742,100 "
Will Benson,26.0,CIN,NL,-1.4,128.0,388.0,343.0,41.0,64.0,19.0,2.0,14.0,43.0,16.0,7.0,40.0,154.0,0.187,0.274,0.376,0.65,76.0,0.285,70.0,129.0,3.0,2.0,1.0,2.0,0.0,*798H/D,,"$750,000 "
Byron Buxton,30.0,MIN,AL,3.6,102.0,388.0,355.0,62.0,99.0,27.0,3.0,18.0,56.0,7.0,2.0,20.0,99.0,0.279,0.335,0.524,0.859,136.0,0.369,136.0,186.0,3.0,11.0,0.0,2.0,1.0,8/HD,,"$15,000,000 "
Nick Gonzales,25.0,PIT,NL,0.9,94.0,387.0,359.0,42.0,97.0,19.0,3.0,7.0,49.0,5.0,3.0,18.0,74.0,0.27,0.311,0.398,0.709,96.0,0.316,98.0,143.0,8.0,5.0,1.0,4.0,1.0,4/6H5,,"$564,876 "
Alejandro Kirk,25.0,TOR,AL,2.0,103.0,386.0,340.0,23.0,86.0,19.0,1.0,5.0,54.0,0.0,0.0,35.0,51.0,0.253,0.319,0.359,0.677,93.0,0.303,94.0,122.0,11.0,2.0,0.0,9.0,1.0,2/HD,,"$2,800,000 "
Jake Fraley,29.0,CIN,NL,0.3,116.0,382.0,350.0,44.0,97.0,19.0,2.0,5.0,26.0,20.0,5.0,26.0,70.0,0.277,0.33,0.386,0.716,96.0,0.319,92.0,135.0,6.0,3.0,0.0,3.0,0.0,9H/D78,,"$2,150,000 "
Spencer Horwitz,26.0,TOR,AL,1.2,97.0,381.0,328.0,46.0,87.0,19.0,0.0,12.0,40.0,0.0,0.0,42.0,70.0,0.265,0.357,0.433,0.79,124.0,0.346,125.0,142.0,8.0,7.0,0.0,4.0,2.0,34DH,,"$695,281 "
Spencer Torkelson,24.0,DET,AL,0.3,92.0,381.0,342.0,45.0,75.0,21.0,1.0,10.0,37.0,0.0,0.0,33.0,105.0,0.219,0.295,0.374,0.669,90.0,0.293,86.0,128.0,6.0,4.0,0.0,1.0,0.0,3/D,,"$456,987 "
Anthony Rizzo,34.0,NYY,AL,0.2,92.0,375.0,337.0,38.0,77.0,12.0,0.0,8.0,35.0,0.0,0.0,27.0,65.0,0.228,0.301,0.335,0.637,82.0,0.297,88.0,113.0,7.0,9.0,0.0,2.0,0.0,3/H,,"$17,000,000 "
Starling Marte,35.0,NYM,NL,0.7,94.0,370.0,335.0,46.0,90.0,13.0,3.0,7.0,40.0,16.0,1.0,27.0,81.0,0.269,0.327,0.388,0.715,105.0,0.328,107.0,130.0,8.0,3.0,3.0,2.0,1.0,9/DH,,"$19,500,000 "
Lenyn Sosa,24.0,CHW,AL,-0.4,100.0,369.0,351.0,28.0,89.0,13.0,0.0,8.0,35.0,3.0,1.0,12.0,77.0,0.254,0.283,0.359,0.642,84.0,0.282,79.0,126.0,5.0,3.0,2.0,1.0,1.0,54/H3D,,"$497,250 "
Carlos Correa,29.0,MIN,AL,3.7,86.0,367.0,319.0,55.0,99.0,20.0,2.0,14.0,54.0,0.0,0.0,40.0,61.0,0.31,0.388,0.517,0.905,151.0,0.393,155.0,165.0,5.0,3.0,0.0,4.0,4.0,6/DH,AS,"$36,100,000 "
Miguel Amaya,25.0,CHC,NL,1.9,117.0,363.0,328.0,32.0,76.0,13.0,2.0,8.0,47.0,0.0,0.0,23.0,62.0,0.232,0.288,0.357,0.644,81.0,0.292,84.0,117.0,5.0,4.0,5.0,3.0,0.0,*2/H,,"$746,500 "
Johan Rojas,23.0,PHI,NL,0.7,120.0,363.0,338.0,47.0,82.0,12.0,3.0,3.0,32.0,25.0,4.0,13.0,69.0,0.243,0.279,0.322,0.601,68.0,0.277,63.0,109.0,7.0,4.0,8.0,0.0,0.0,*8/HD,,"$700,875 "
Brandon Drury,31.0,LAA,AL,-2.0,97.0,360.0,325.0,28.0,55.0,7.0,0.0,4.0,15.0,1.0,0.0,27.0,81.0,0.169,0.242,0.228,0.469,34.0,0.228,38.0,74.0,13.0,5.0,0.0,3.0,0.0,45D3/H,,"$8,500,000 "
Willson Contreras,32.0,STL,NL,3.0,84.0,358.0,301.0,48.0,79.0,17.0,0.0,15.0,36.0,4.0,1.0,45.0,96.0,0.262,0.38,0.468,0.848,136.0,0.37,137.0,141.0,7.0,12.0,0.0,0.0,2.0,2D/H,,"$18,000,000 "
Will Brennan,26.0,CLE,AL,-0.2,114.0,353.0,330.0,37.0,87.0,13.0,2.0,8.0,30.0,4.0,2.0,19.0,48.0,0.264,0.309,0.388,0.697,98.0,0.307,96.0,128.0,9.0,3.0,0.0,1.0,2.0,97HD/8,,"$776,970 "
Gabriel Moreno,24.0,ARI,NL,2.6,97.0,351.0,305.0,39.0,81.0,18.0,1.0,5.0,45.0,3.0,1.0,41.0,52.0,0.266,0.353,0.38,0.734,105.0,0.327,105.0,116.0,10.0,2.0,0.0,3.0,1.0,2H/5,,"$1,113,259 "
Mike Tauchman,33.0,CHC,NL,0.6,109.0,350.0,298.0,50.0,74.0,12.0,1.0,7.0,29.0,6.0,2.0,47.0,70.0,0.248,0.357,0.366,0.723,106.0,0.326,108.0,109.0,7.0,4.0,0.0,1.0,0.0,9HD78,,"$1,950,000 "
Jake Bauers,28.0,MIL,NL,-0.4,116.0,346.0,302.0,45.0,60.0,9.0,2.0,12.0,43.0,13.0,1.0,39.0,118.0,0.199,0.301,0.361,0.662,84.0,0.3,80.0,109.0,0.0,5.0,0.0,0.0,1.0,3HD9/71,,"$1,350,000 "
Jake Cave,31.0,COL,NL,-0.7,123.0,346.0,323.0,42.0,81.0,16.0,5.0,7.0,37.0,5.0,2.0,18.0,98.0,0.251,0.29,0.396,0.686,83.0,0.297,77.0,128.0,6.0,1.0,1.0,3.0,1.0,*97H/8D,,"$1,000,000 "
Amed Rosario,28.0,CIN,NL,-0.6,22.0,59.0,57.0,6.0,9.0,0.0,0.0,1.0,4.0,3.0,0.0,1.0,23.0,0.158,0.186,0.211,0.397,9.0,0.221,16.0,12.0,1.0,1.0,0.0,0.0,0.0,D/9H4,,"$500,030 "
Tyrone Taylor,30.0,NYM,NL,2.0,130.0,345.0,319.0,47.0,79.0,22.0,3.0,7.0,35.0,11.0,2.0,19.0,80.0,0.248,0.299,0.401,0.701,99.0,0.317,102.0,128.0,4.0,5.0,1.0,1.0,1.0,*98H7/D,,"$2,025,000 "
Manuel Margot,29.0,MIN,AL,-0.9,129.0,343.0,315.0,37.0,75.0,17.0,1.0,4.0,31.0,5.0,0.0,21.0,54.0,0.238,0.289,0.337,0.626,75.0,0.281,72.0,106.0,10.0,3.0,1.0,3.0,0.0,*79H8/D,,"$4,000,000 "
Francisco Alvarez,22.0,NYM,NL,0.8,100.0,342.0,308.0,39.0,73.0,14.0,2.0,11.0,47.0,1.0,1.0,30.0,86.0,0.237,0.307,0.403,0.71,102.0,0.319,107.0,124.0,7.0,2.0,0.0,2.0,0.0,2/HD,,"$1,007,677 "
Travis d'Arnaud,35.0,ATL,NL,1.1,99.0,341.0,307.0,40.0,73.0,16.0,0.0,15.0,48.0,1.0,0.0,24.0,89.0,0.238,0.302,0.436,0.739,102.0,0.32,101.0,134.0,8.0,6.0,0.0,4.0,0.0,2H,,"$8,000,000 "
Kyle Tucker,27.0,HOU,AL,4.7,78.0,339.0,277.0,56.0,80.0,13.0,0.0,23.0,49.0,11.0,0.0,56.0,54.0,0.289,0.408,0.585,0.993,179.0,0.426,179.0,162.0,5.0,1.0,0.0,2.0,3.0,9/DH,AS,"$12,000,000 "
Jake Rogers,29.0,DET,AL,1.0,102.0,337.0,310.0,43.0,61.0,16.0,1.0,10.0,36.0,1.0,0.0,22.0,99.0,0.197,0.255,0.352,0.607,72.0,0.27,69.0,109.0,6.0,3.0,0.0,2.0,1.0,2/DH,,"$1,700,000 "
Miguel Rojas,35.0,LAD,NL,3.4,103.0,337.0,307.0,41.0,87.0,21.0,0.0,6.0,36.0,8.0,2.0,23.0,34.0,0.283,0.337,0.41,0.748,112.0,0.329,112.0,126.0,8.0,3.0,2.0,2.0,0.0,64H5/13,,"$5,000,000 "
Bo Bichette,26.0,TOR,AL,-0.3,81.0,336.0,311.0,29.0,70.0,16.0,1.0,4.0,31.0,5.0,1.0,20.0,64.0,0.225,0.277,0.322,0.598,70.0,0.269,68.0,100.0,12.0,3.0,0.0,2.0,1.0,6,,"$11,000,000 "
Nick Fortes,27.0,MIA,NL,0.0,110.0,335.0,308.0,28.0,70.0,16.0,0.0,4.0,29.0,0.0,1.0,11.0,41.0,0.227,0.259,0.318,0.577,58.0,0.249,44.0,98.0,6.0,4.0,7.0,5.0,0.0,*2/H,,"$759,000 "
Whit Merrifield,35.0,ATL,NL,0.2,42.0,161.0,137.0,23.0,34.0,5.0,2.0,1.0,4.0,6.0,2.0,20.0,33.0,0.248,0.348,0.336,0.684,92.0,0.323,101.0,46.0,5.0,1.0,3.0,0.0,0.0,4/H5,,"$274,482 "
Adam Duvall,35.0,ATL,NL,-1.4,104.0,330.0,303.0,29.0,55.0,10.0,0.0,11.0,30.0,0.0,0.0,21.0,99.0,0.182,0.245,0.323,0.569,57.0,0.262,59.0,98.0,6.0,5.0,0.0,1.0,0.0,79H/D,,"$3,000,000 "
Royce Lewis,25.0,MIN,AL,0.7,82.0,325.0,292.0,40.0,68.0,16.0,0.0,16.0,47.0,0.0,0.0,28.0,74.0,0.233,0.295,0.452,0.747,106.0,0.315,99.0,132.0,5.0,0.0,0.0,5.0,2.0,5D/H4,,"$745,700 "
Zach McKinstry,29.0,DET,AL,0.8,118.0,325.0,297.0,32.0,64.0,14.0,5.0,4.0,23.0,16.0,0.0,24.0,69.0,0.215,0.277,0.337,0.614,75.0,0.288,74.0,100.0,3.0,2.0,0.0,2.0,0.0,65H479/1D,,"$764,400 "
Danny Jansen,29.0,BOS,AL,0.1,30.0,96.0,80.0,8.0,15.0,0.0,0.0,3.0,6.0,0.0,0.0,15.0,19.0,0.188,0.323,0.3,0.623,77.0,0.307,90.0,24.0,3.0,1.0,0.0,0.0,0.0,2/HD,,"$1,817,204 "
Miguel Andujar,29.0,OAK,AL,0.4,75.0,319.0,302.0,31.0,86.0,14.0,1.0,4.0,30.0,3.0,2.0,13.0,42.0,0.285,0.32,0.377,0.697,103.0,0.308,103.0,114.0,10.0,3.0,0.0,1.0,0.0,7/D3H,,"$1,700,000 "
David Hamilton,26.0,BOS,AL,2.6,98.0,317.0,294.0,47.0,73.0,17.0,1.0,8.0,28.0,33.0,4.0,22.0,80.0,0.248,0.303,0.395,0.697,94.0,0.331,95.0,116.0,1.0,1.0,0.0,0.0,0.0,64H,,"$700,128 "
Christian Yelich,32.0,MIL,NL,2.2,73.0,315.0,270.0,44.0,85.0,12.0,3.0,11.0,42.0,21.0,1.0,40.0,58.0,0.315,0.406,0.504,0.909,152.0,0.404,151.0,136.0,3.0,2.0,1.0,1.0,3.0,7D,AS,"$22,050,000 "
Kevin Pillar,35.0,LAA,AL,0.3,83.0,282.0,259.0,37.0,61.0,14.0,1.0,7.0,41.0,10.0,3.0,12.0,61.0,0.236,0.291,0.378,0.669,88.0,0.298,86.0,98.0,10.0,9.0,0.0,2.0,0.0,8H79/D,,"$811,776 "
Carson Kelly,29.0,TEX,AL,-0.2,31.0,110.0,102.0,11.0,24.0,5.0,0.0,2.0,8.0,0.0,0.0,8.0,15.0,0.235,0.291,0.343,0.634,83.0,0.286,83.0,35.0,3.0,0.0,0.0,0.0,0.0,2/DH,,"$1,166,654 "
Kevin Newman,30.0,ARI,NL,2.2,111.0,311.0,288.0,41.0,80.0,17.0,1.0,3.0,28.0,8.0,1.0,15.0,48.0,0.278,0.311,0.375,0.686,91.0,0.313,92.0,108.0,7.0,0.0,6.0,2.0,1.0,643/H57D,,"$946,237 "
Rob Refsnyder,33.0,BOS,AL,0.8,93.0,307.0,272.0,32.0,77.0,16.0,1.0,11.0,40.0,2.0,2.0,28.0,78.0,0.283,0.359,0.471,0.83,131.0,0.354,126.0,128.0,6.0,5.0,0.0,1.0,2.0,79HD,,"$1,850,000 "
Emmanuel Rivera,28.0,BAL,AL,0.2,27.0,73.0,64.0,9.0,20.0,3.0,1.0,4.0,14.0,0.0,0.0,6.0,18.0,0.313,0.37,0.578,0.948,172.0,0.392,165.0,37.0,2.0,1.0,0.0,2.0,0.0,5/3HD,,"$155,142 "
Edouard Julien,25.0,MIN,AL,-0.2,94.0,301.0,266.0,36.0,53.0,9.0,0.0,8.0,21.0,6.0,0.0,33.0,102.0,0.199,0.292,0.323,0.616,73.0,0.288,76.0,86.0,2.0,2.0,0.0,0.0,0.0,4H/D3,,"$481,800 "
Parker Meadows,24.0,DET,AL,2.2,82.0,298.0,270.0,39.0,66.0,12.0,6.0,9.0,28.0,9.0,4.0,25.0,76.0,0.244,0.31,0.433,0.743,110.0,0.324,108.0,117.0,0.0,1.0,1.0,1.0,0.0,8/H,,"$782,818 "
Nolan Jones,26.0,COL,NL,-0.7,79.0,297.0,256.0,28.0,58.0,13.0,1.0,3.0,28.0,5.0,4.0,36.0,91.0,0.227,0.321,0.32,0.641,75.0,0.289,73.0,82.0,7.0,1.0,1.0,3.0,2.0,7/DH,,"$745,000 "
Kerry Carpenter,26.0,DET,AL,2.2,87.0,296.0,264.0,37.0,75.0,16.0,5.0,18.0,57.0,0.0,2.0,22.0,75.0,0.284,0.345,0.587,0.932,160.0,0.386,156.0,155.0,5.0,4.0,0.0,3.0,1.0,9DH/7,,"$1,071,609 "
Max Muncy,33.0,LAD,NL,3.0,73.0,293.0,237.0,47.0,55.0,17.0,0.0,15.0,48.0,1.0,0.0,45.0,77.0,0.232,0.358,0.494,0.852,140.0,0.361,136.0,117.0,1.0,5.0,0.0,6.0,3.0,5/H,,"$12,000,000 "
Javier Báez,31.0,DET,AL,-1.1,80.0,289.0,272.0,25.0,50.0,12.0,0.0,6.0,37.0,8.0,1.0,12.0,69.0,0.184,0.221,0.294,0.516,46.0,0.236,41.0,80.0,10.0,2.0,0.0,3.0,1.0,6/H,,"$25,000,000 "
Joey Bart,27.0,PIT,NL,2.2,80.0,282.0,253.0,38.0,67.0,11.0,0.0,13.0,45.0,0.0,0.0,22.0,73.0,0.265,0.337,0.462,0.799,120.0,0.349,121.0,117.0,8.0,6.0,0.0,1.0,0.0,2D/H,,"$712,062 "
Jacob Stallings,34.0,COL,NL,1.8,82.0,281.0,243.0,31.0,64.0,17.0,1.0,9.0,36.0,0.0,0.0,27.0,65.0,0.263,0.357,0.453,0.81,117.0,0.355,119.0,110.0,10.0,9.0,1.0,1.0,1.0,2/HD,,"$1,500,000 "
Kevin Kiermaier,34.0,LAD,NL,0.1,34.0,64.0,59.0,7.0,12.0,2.0,1.0,1.0,8.0,1.0,2.0,2.0,20.0,0.203,0.242,0.322,0.564,59.0,0.263,74.0,19.0,1.0,1.0,2.0,0.0,0.0,8/H,,"$1,840,000 "
Gary Sánchez,31.0,MIL,NL,0.2,89.0,280.0,245.0,30.0,54.0,7.0,1.0,11.0,37.0,0.0,0.0,27.0,76.0,0.22,0.307,0.392,0.699,94.0,0.312,94.0,96.0,9.0,5.0,0.0,3.0,0.0,D2H/3,,"$3,000,000 "
Randal Grichuk,32.0,ARI,NL,2.2,106.0,279.0,254.0,40.0,74.0,20.0,2.0,12.0,46.0,0.0,0.0,20.0,46.0,0.291,0.348,0.528,0.875,140.0,0.377,142.0,134.0,5.0,3.0,0.0,2.0,0.0,9DH7,,"$1,500,000 "
Tyler Nevin,27.0,OAK,AL,-0.2,87.0,278.0,245.0,22.0,50.0,10.0,0.0,7.0,20.0,1.0,0.0,25.0,64.0,0.204,0.288,0.331,0.618,80.0,0.279,80.0,81.0,5.0,5.0,0.0,3.0,0.0,359H7/D,,"$640,458 "
Edmundo Sosa,28.0,PHI,NL,2.3,90.0,274.0,249.0,39.0,64.0,12.0,4.0,7.0,31.0,7.0,1.0,13.0,66.0,0.257,0.313,0.422,0.734,104.0,0.33,107.0,105.0,5.0,8.0,1.0,2.0,0.0,654H,,"$1,700,000 "
Jonah Bride,28.0,MIA,NL,0.8,71.0,272.0,232.0,30.0,64.0,10.0,0.0,11.0,39.0,0.0,1.0,30.0,55.0,0.276,0.357,0.461,0.818,123.0,0.355,122.0,107.0,9.0,3.0,0.0,7.0,1.0,3D5/4H,,"$391,104 "
Chas McCormick,29.0,HOU,AL,-0.6,94.0,267.0,242.0,32.0,51.0,6.0,1.0,5.0,27.0,8.0,2.0,17.0,72.0,0.211,0.271,0.306,0.576,64.0,0.274,71.0,74.0,3.0,4.0,1.0,3.0,0.0,798/H,,"$2,850,000 "
Sean Murphy,29.0,ATL,NL,1.3,72.0,264.0,233.0,19.0,45.0,5.0,1.0,10.0,25.0,0.0,0.0,27.0,67.0,0.193,0.284,0.352,0.636,76.0,0.293,81.0,82.0,7.0,3.0,0.0,1.0,1.0,2/H,,"$9,000,000 "
Joey Loperfido,25.0,TOR,AL,0.2,43.0,144.0,137.0,13.0,27.0,8.0,3.0,2.0,9.0,2.0,1.0,6.0,52.0,0.197,0.236,0.343,0.579,63.0,0.263,65.0,47.0,2.0,1.0,0.0,0.0,0.0,78/H3D,,"$238,680 "
Matt Wallner,26.0,MIN,AL,2.2,75.0,261.0,220.0,26.0,57.0,17.0,1.0,13.0,37.0,3.0,0.0,24.0,95.0,0.259,0.372,0.523,0.894,148.0,0.387,149.0,115.0,2.0,16.0,0.0,1.0,0.0,97DH/1,,"$673,128 "
Iván Herrera,24.0,STL,NL,1.7,72.0,259.0,229.0,37.0,69.0,12.0,1.0,5.0,27.0,5.0,0.0,25.0,53.0,0.301,0.372,0.428,0.8,124.0,0.362,129.0,98.0,3.0,2.0,0.0,2.0,0.0,2D/H,,"$855,704 "
Jason Heyward,34.0,HOU,AL,0.3,24.0,61.0,55.0,8.0,12.0,2.0,0.0,4.0,9.0,1.0,0.0,5.0,17.0,0.218,0.283,0.473,0.756,111.0,0.316,102.0,26.0,0.0,0.0,0.0,0.0,2.0,9/7H8,,"$123,318 "
Austin Martin,25.0,MIN,AL,-1.0,93.0,257.0,233.0,41.0,59.0,18.0,1.0,1.0,16.0,7.0,3.0,20.0,47.0,0.253,0.318,0.352,0.67,88.0,0.299,87.0,82.0,4.0,2.0,2.0,0.0,0.0,78H4/D,,"$560,898 "
Austin Hays,28.0,PHI,NL,-0.3,22.0,80.0,78.0,8.0,20.0,5.0,0.0,2.0,6.0,2.0,1.0,0.0,19.0,0.256,0.275,0.397,0.672,86.0,0.286,79.0,31.0,1.0,2.0,0.0,0.0,0.0,7/H,,"$2,201,615 "
Chris Taylor,33.0,LAD,NL,-0.1,87.0,246.0,213.0,28.0,43.0,7.0,1.0,4.0,23.0,5.0,1.0,28.0,76.0,0.202,0.298,0.3,0.598,72.0,0.289,82.0,64.0,5.0,2.0,1.0,2.0,0.0,754H/8,,"$13,000,000 "
Triston Casas,24.0,BOS,AL,0.6,63.0,243.0,212.0,28.0,51.0,8.0,0.0,13.0,32.0,0.0,1.0,30.0,77.0,0.241,0.337,0.462,0.8,122.0,0.34,116.0,98.0,6.0,1.0,0.0,0.0,4.0,3/HD,,"$760,000 "
Kyle Farmer,33.0,MIN,AL,-0.3,107.0,242.0,215.0,26.0,46.0,13.0,1.0,5.0,25.0,3.0,5.0,19.0,49.0,0.214,0.293,0.353,0.647,81.0,0.281,80.0,76.0,6.0,6.0,0.0,2.0,1.0,45H6/13D,,"$6,250,000 "
Dominic Fletcher,26.0,CHW,AL,-0.3,72.0,241.0,223.0,14.0,46.0,8.0,0.0,1.0,17.0,0.0,0.0,11.0,58.0,0.206,0.252,0.256,0.508,47.0,0.225,38.0,57.0,5.0,3.0,2.0,1.0,1.0,98/H7,,"$595,106 "
Anthony Rendon,34.0,LAA,AL,0.6,57.0,238.0,206.0,21.0,45.0,10.0,0.0,0.0,14.0,6.0,1.0,23.0,35.0,0.218,0.307,0.267,0.574,65.0,0.283,75.0,55.0,4.0,5.0,0.0,4.0,0.0,5/D,,"$38,000,000 "
Miguel Vargas,24.0,CHW,AL,-1.0,42.0,157.0,135.0,11.0,14.0,3.0,0.0,2.0,7.0,2.0,1.0,17.0,41.0,0.104,0.217,0.17,0.387,14.0,0.205,25.0,23.0,3.0,3.0,0.0,2.0,0.0,5/D7H,,"$246,636 "
Jose Trevino,31.0,NYY,AL,0.6,73.0,234.0,209.0,26.0,45.0,5.0,0.0,8.0,28.0,1.0,0.0,20.0,41.0,0.215,0.288,0.354,0.642,82.0,0.287,80.0,74.0,12.0,2.0,1.0,2.0,0.0,2/H1,,"$2,730,000 "
Stuart Fairchild,28.0,CIN,NL,1.0,94.0,233.0,209.0,33.0,45.0,8.0,0.0,8.0,30.0,13.0,1.0,17.0,60.0,0.215,0.286,0.368,0.654,78.0,0.314,83.0,77.0,1.0,4.0,2.0,1.0,0.0,8H97/D,,"$750,000 "
James McCann,34.0,BAL,AL,0.8,65.0,233.0,214.0,27.0,50.0,9.0,0.0,8.0,31.0,1.0,0.0,13.0,56.0,0.234,0.279,0.388,0.667,93.0,0.293,93.0,83.0,3.0,2.0,0.0,4.0,0.0,2/1,,"$4,000,000 "
Justyn-Henry Malloy,24.0,DET,AL,-0.4,71.0,230.0,202.0,18.0,41.0,7.0,1.0,8.0,21.0,1.0,1.0,23.0,85.0,0.203,0.291,0.366,0.658,87.0,0.289,84.0,74.0,2.0,3.0,0.0,2.0,0.0,D7H/9,,"$417,690 "
Addison Barger,24.0,TOR,AL,0.4,69.0,225.0,208.0,20.0,41.0,11.0,0.0,7.0,28.0,2.0,0.0,14.0,60.0,0.197,0.25,0.351,0.601,69.0,0.272,70.0,73.0,1.0,1.0,0.0,1.0,0.0,59H7/D,,"$405,756 "
Hunter Goodman,24.0,COL,NL,-0.8,70.0,224.0,211.0,24.0,40.0,9.0,0.0,13.0,36.0,1.0,1.0,8.0,64.0,0.19,0.228,0.417,0.645,69.0,0.27,59.0,88.0,5.0,3.0,0.0,2.0,0.0,92DH/73,,"$572,832 "
Garrett Mitchell,25.0,MIL,NL,2.0,69.0,224.0,196.0,33.0,50.0,12.0,3.0,8.0,21.0,11.0,4.0,25.0,71.0,0.255,0.342,0.469,0.812,124.0,0.354,123.0,92.0,1.0,1.0,2.0,0.0,0.0,89H/D,,"$999,800 "
Ronald Acuña Jr.,26.0,ATL,NL,0.0,49.0,222.0,192.0,38.0,48.0,8.0,1.0,4.0,15.0,16.0,3.0,27.0,53.0,0.25,0.351,0.365,0.716,100.0,0.343,110.0,70.0,4.0,3.0,0.0,0.0,0.0,9,,"$17,000,000 "
Daniel Schneemann,27.0,CLE,AL,0.7,73.0,221.0,193.0,17.0,42.0,10.0,2.0,5.0,22.0,3.0,2.0,25.0,70.0,0.218,0.303,0.368,0.671,91.0,0.297,90.0,71.0,1.0,0.0,0.0,3.0,0.0,6589H/47D,,"$740,000 "
Tyler Soderstrom,22.0,OAK,AL,0.5,61.0,213.0,189.0,18.0,44.0,10.0,0.0,9.0,26.0,0.0,0.0,20.0,53.0,0.233,0.315,0.429,0.743,114.0,0.33,118.0,81.0,7.0,3.0,0.0,1.0,1.0,3/H2,,"$572,832 "
Austin Slater,31.0,BAL,AL,0.5,33.0,79.0,69.0,10.0,17.0,3.0,0.0,1.0,6.0,1.0,1.0,8.0,23.0,0.246,0.342,0.333,0.675,99.0,0.311,109.0,23.0,2.0,2.0,0.0,0.0,0.0,79H/8,,"$246,667 "
Trent Grisham,27.0,NYY,AL,0.4,76.0,209.0,179.0,21.0,34.0,8.0,0.0,9.0,31.0,1.0,1.0,22.0,57.0,0.19,0.29,0.385,0.675,91.0,0.306,95.0,69.0,5.0,4.0,1.0,2.0,1.0,8H/D,,"$5,500,000 "
Kyle Stowers,26.0,MIA,NL,-0.7,50.0,172.0,156.0,12.0,29.0,7.0,2.0,2.0,15.0,0.0,0.0,13.0,61.0,0.186,0.262,0.295,0.556,53.0,0.254,48.0,46.0,2.0,3.0,0.0,0.0,0.0,78/9H,,"$242,658 "
Jackson Holliday,20.0,BAL,AL,0.1,60.0,208.0,190.0,28.0,36.0,4.0,2.0,5.0,23.0,4.0,0.0,15.0,69.0,0.189,0.255,0.311,0.565,65.0,0.265,70.0,59.0,1.0,2.0,0.0,1.0,0.0,4/H6D,,"$310,284 "
Jorge Mateo,29.0,BAL,AL,0.9,68.0,208.0,192.0,30.0,44.0,14.0,2.0,5.0,18.0,13.0,2.0,10.0,48.0,0.229,0.267,0.401,0.668,92.0,0.294,87.0,77.0,3.0,1.0,2.0,3.0,0.0,4/6H8D,,"$2,700,000 "
Travis Jankowski,33.0,TEX,AL,0.3,104.0,207.0,190.0,19.0,38.0,5.0,0.0,1.0,12.0,11.0,1.0,12.0,44.0,0.2,0.266,0.242,0.508,49.0,0.256,54.0,46.0,3.0,5.0,0.0,0.0,0.0,9H7D8,,"$1,700,000 "
Jhonkensy Noel,22.0,CLE,AL,1.0,67.0,198.0,179.0,25.0,39.0,7.0,1.0,13.0,28.0,0.0,0.0,13.0,63.0,0.218,0.288,0.486,0.774,116.0,0.333,114.0,87.0,1.0,5.0,0.0,1.0,0.0,9H/3D7,,"$377,910 "
Connor Norby,24.0,MIA,NL,0.2,36.0,162.0,146.0,29.0,36.0,8.0,0.0,7.0,17.0,3.0,3.0,15.0,52.0,0.247,0.315,0.445,0.76,106.0,0.321,100.0,65.0,1.0,0.0,0.0,1.0,0.0,5/D4,,"$163,098 "
Josh Jung,26.0,TEX,AL,0.6,46.0,188.0,178.0,19.0,47.0,5.0,1.0,7.0,16.0,4.0,0.0,8.0,48.0,0.264,0.298,0.421,0.719,105.0,0.319,103.0,75.0,1.0,1.0,0.0,1.0,0.0,5/D,,"$756,000 "
Garrett Stubbs,31.0,PHI,NL,0.4,54.0,187.0,164.0,18.0,34.0,4.0,1.0,1.0,11.0,5.0,0.0,17.0,50.0,0.207,0.296,0.262,0.558,59.0,0.271,63.0,43.0,0.0,4.0,0.0,1.0,0.0,2/1H,,"$850,000 "
Daz Cameron,27.0,OAK,AL,-0.5,66.0,186.0,170.0,22.0,34.0,5.0,1.0,5.0,15.0,5.0,0.0,13.0,51.0,0.2,0.258,0.329,0.587,70.0,0.268,69.0,56.0,3.0,1.0,0.0,2.0,0.0,79H8/D,,"$521,118 "
Matt Thaiss,29.0,LAA,AL,0.6,57.0,186.0,157.0,14.0,32.0,9.0,0.0,2.0,16.0,3.0,0.0,28.0,58.0,0.204,0.323,0.299,0.622,78.0,0.295,83.0,47.0,2.0,0.0,0.0,1.0,0.0,2/DH,,"$770,000 "
Jordan Beck,23.0,COL,NL,-0.8,55.0,184.0,170.0,14.0,32.0,6.0,0.0,3.0,13.0,7.0,1.0,12.0,65.0,0.188,0.245,0.276,0.521,41.0,0.246,36.0,47.0,3.0,1.0,0.0,1.0,1.0,79/8H,,"$572,832 "
Alex Kirilloff,26.0,MIN,AL,-0.6,57.0,178.0,159.0,20.0,32.0,8.0,3.0,5.0,20.0,0.0,0.0,15.0,47.0,0.201,0.27,0.384,0.653,81.0,0.287,79.0,61.0,5.0,1.0,0.0,3.0,0.0,7D3/H9,,"$1,350,000 "
Ben Rice,25.0,NYY,AL,-0.4,50.0,178.0,152.0,20.0,26.0,6.0,0.0,7.0,23.0,0.0,1.0,20.0,48.0,0.171,0.264,0.349,0.613,73.0,0.275,74.0,53.0,2.0,1.0,0.0,5.0,0.0,3/H2,,"$302,328 "
Jordan Walker,22.0,STL,NL,-0.9,51.0,178.0,164.0,16.0,33.0,10.0,1.0,5.0,20.0,1.0,0.0,10.0,50.0,0.201,0.253,0.366,0.619,71.0,0.267,63.0,60.0,4.0,2.0,0.0,2.0,0.0,9/HD,,"$265,254 "
Patrick Wisdom,32.0,CHC,NL,-0.4,75.0,174.0,158.0,16.0,27.0,7.0,2.0,8.0,23.0,5.0,0.0,10.0,59.0,0.171,0.237,0.392,0.629,74.0,0.276,68.0,62.0,1.0,4.0,1.0,1.0,0.0,H35D/9471,,"$2,725,000 "
Derek Hill,28.0,MIA,NL,0.1,32.0,114.0,107.0,11.0,25.0,4.0,1.0,4.0,18.0,4.0,1.0,2.0,39.0,0.234,0.259,0.402,0.661,78.0,0.299,77.0,43.0,1.0,2.0,2.0,1.0,0.0,87/HD,,"$218,790 "
Evan Carter,21.0,TEX,AL,0.6,45.0,162.0,144.0,23.0,27.0,6.0,2.0,5.0,15.0,2.0,0.0,15.0,43.0,0.188,0.272,0.361,0.633,81.0,0.284,79.0,52.0,1.0,2.0,0.0,1.0,0.0,7/9HD8,,"$745,000 "
Sam Hilliard,30.0,COL,NL,0.5,58.0,158.0,138.0,26.0,33.0,5.0,1.0,10.0,27.0,5.0,2.0,14.0,56.0,0.239,0.305,0.507,0.812,114.0,0.347,113.0,70.0,3.0,0.0,4.0,2.0,1.0,789/HD,,"$800,000 "
Pavin Smith,28.0,ARI,NL,0.6,60.0,158.0,137.0,26.0,37.0,11.0,0.0,9.0,36.0,1.0,0.0,18.0,31.0,0.27,0.348,0.547,0.896,145.0,0.382,145.0,75.0,4.0,0.0,0.0,3.0,0.0,397H/D1,,"$516,096 "
Matt Carpenter,38.0,STL,NL,-0.1,59.0,157.0,137.0,15.0,32.0,7.0,0.0,4.0,15.0,0.0,2.0,15.0,51.0,0.234,0.314,0.372,0.686,92.0,0.301,93.0,51.0,0.0,2.0,0.0,2.0,0.0,DH/345,,"$740,000 "
Kyle McCann,26.0,OAK,AL,0.2,54.0,157.0,140.0,13.0,33.0,4.0,0.0,5.0,15.0,0.0,0.0,16.0,59.0,0.236,0.318,0.371,0.69,101.0,0.305,100.0,52.0,2.0,1.0,0.0,0.0,1.0,2/HD,,"$740,000 "
Austin Barnes,34.0,LAD,NL,0.7,54.0,156.0,140.0,12.0,37.0,3.0,0.0,1.0,11.0,3.0,0.0,14.0,36.0,0.264,0.331,0.307,0.638,84.0,0.294,85.0,43.0,3.0,0.0,2.0,0.0,0.0,2/HD4,,"$3,500,000 "
Kyle Manzardo,23.0,CLE,AL,0.0,53.0,156.0,145.0,11.0,34.0,12.0,0.0,5.0,15.0,0.0,0.0,9.0,41.0,0.234,0.282,0.421,0.703,98.0,0.307,96.0,61.0,3.0,1.0,0.0,1.0,0.0,DH/3,,"$282,438 "
James Outman,27.0,LAD,NL,-0.4,53.0,156.0,136.0,12.0,20.0,4.0,0.0,4.0,11.0,2.0,1.0,16.0,55.0,0.147,0.256,0.265,0.521,49.0,0.24,50.0,36.0,0.0,4.0,0.0,0.0,0.0,8H/79,,"$335,340 "
Kris Bryant,32.0,COL,NL,-0.7,37.0,155.0,133.0,9.0,29.0,5.0,0.0,2.0,15.0,0.0,0.0,13.0,48.0,0.218,0.323,0.301,0.623,70.0,0.292,74.0,40.0,6.0,8.0,0.0,1.0,0.0,D93,,"$27,000,000 "
Luke Maile,33.0,CIN,NL,-0.4,53.0,154.0,135.0,8.0,24.0,4.0,0.0,2.0,8.0,2.0,0.0,13.0,52.0,0.178,0.268,0.252,0.52,44.0,0.25,43.0,34.0,4.0,4.0,1.0,1.0,0.0,2/1HD,,"$3,000,000 "
Christian Bethancourt,32.0,CHC,NL,0.8,24.0,59.0,57.0,9.0,16.0,4.0,0.0,3.0,15.0,3.0,0.0,2.0,14.0,0.281,0.305,0.509,0.814,125.0,0.385,143.0,29.0,1.0,0.0,0.0,0.0,0.0,2,,"$258,570 "
Austin Hedges,31.0,CLE,AL,-0.6,66.0,146.0,132.0,12.0,20.0,3.0,0.0,2.0,15.0,2.0,0.0,6.0,50.0,0.152,0.203,0.22,0.422,21.0,0.199,14.0,29.0,2.0,3.0,3.0,2.0,0.0,2/1,,"$4,000,000 "
Andruw Monasterio,27.0,MIL,NL,-0.2,59.0,142.0,125.0,14.0,26.0,5.0,0.0,1.0,16.0,6.0,2.0,16.0,40.0,0.208,0.303,0.272,0.575,63.0,0.267,60.0,34.0,3.0,1.0,0.0,0.0,0.0,54H/3D7,,"$683,774 "
Darell Hernaiz,22.0,OAK,AL,-0.8,48.0,135.0,120.0,8.0,23.0,3.0,0.0,1.0,12.0,1.0,1.0,11.0,27.0,0.192,0.261,0.242,0.503,48.0,0.235,51.0,29.0,4.0,1.0,1.0,2.0,0.0,56/H4,,"$624,546 "
Luis Torrens,28.0,NYM,NL,0.7,47.0,130.0,118.0,14.0,27.0,8.0,0.0,3.0,15.0,0.0,1.0,9.0,28.0,0.229,0.292,0.373,0.665,90.0,0.287,86.0,44.0,5.0,2.0,0.0,1.0,0.0,2/HD1,,"$787,097 "
Mike Trout,32.0,LAA,AL,1.1,29.0,126.0,109.0,17.0,24.0,1.0,2.0,10.0,14.0,6.0,1.0,16.0,27.0,0.22,0.325,0.541,0.867,139.0,0.372,136.0,59.0,0.0,1.0,0.0,0.0,1.0,8/D,,"$35,450,000 "
Michael Stefanic,28.0,LAA,AL,-0.2,40.0,124.0,110.0,8.0,24.0,4.0,0.0,0.0,8.0,0.0,0.0,10.0,20.0,0.218,0.301,0.255,0.555,60.0,0.256,58.0,28.0,5.0,3.0,1.0,0.0,0.0,4/HD15,,"$564,480 "
Christian Encarnacion-Strand,24.0,CIN,NL,-1.0,29.0,123.0,116.0,13.0,22.0,6.0,0.0,2.0,16.0,0.0,0.0,4.0,35.0,0.19,0.22,0.293,0.513,39.0,0.222,25.0,34.0,4.0,1.0,0.0,2.0,0.0,3,,"$740,000 "
Henry Davis,24.0,PIT,NL,-0.6,37.0,122.0,104.0,9.0,15.0,4.0,0.0,1.0,5.0,0.0,0.0,13.0,45.0,0.144,0.242,0.212,0.453,28.0,0.226,32.0,22.0,1.0,1.0,1.0,2.0,0.0,2/HD,,"$285,349 "
Kody Clemens,28.0,PHI,NL,0.3,43.0,120.0,114.0,17.0,25.0,9.0,1.0,5.0,18.0,0.0,0.0,5.0,29.0,0.219,0.258,0.447,0.706,93.0,0.3,88.0,51.0,2.0,1.0,0.0,0.0,0.0,H35/471D,,"$385,866 "
Trey Sweeney,24.0,DET,AL,0.7,36.0,119.0,110.0,11.0,24.0,5.0,0.0,4.0,17.0,2.0,0.0,7.0,32.0,0.218,0.269,0.373,0.642,82.0,0.29,81.0,41.0,3.0,1.0,0.0,1.0,0.0,6,,"$175,032 "
Vaughn Grissom,23.0,BOS,AL,-0.2,31.0,114.0,105.0,10.0,20.0,3.0,0.0,0.0,6.0,2.0,0.0,7.0,24.0,0.19,0.246,0.219,0.465,32.0,0.234,35.0,23.0,3.0,1.0,0.0,1.0,0.0,4/DH,,"$570,427 "
Heston Kjerstad,25.0,BAL,AL,0.4,39.0,114.0,99.0,8.0,25.0,2.0,0.0,4.0,14.0,1.0,0.0,10.0,33.0,0.253,0.351,0.394,0.745,118.0,0.336,123.0,39.0,0.0,5.0,0.0,0.0,2.0,D7H/9,,"$473,382 "
Dane Myers,28.0,MIA,NL,0.5,44.0,108.0,95.0,17.0,25.0,6.0,1.0,3.0,19.0,4.0,1.0,8.0,36.0,0.263,0.333,0.442,0.775,111.0,0.346,111.0,42.0,0.0,3.0,0.0,2.0,0.0,9H8/7D,,"$612,612 "
Bryan Ramos,22.0,CHW,AL,-0.2,32.0,108.0,99.0,13.0,20.0,4.0,0.0,3.0,11.0,0.0,2.0,7.0,22.0,0.202,0.252,0.333,0.586,67.0,0.273,80.0,33.0,3.0,0.0,0.0,1.0,0.0,5/DH,,"$206,856 "
Niko Kavadas,25.0,LAA,AL,-0.2,30.0,106.0,93.0,11.0,17.0,2.0,0.0,4.0,8.0,1.0,0.0,11.0,41.0,0.183,0.283,0.333,0.616,74.0,0.28,74.0,31.0,0.0,2.0,0.0,0.0,0.0,D/3H,,"$175,032 "
Trevor Story,31.0,BOS,AL,0.7,26.0,106.0,94.0,8.0,24.0,7.0,0.0,2.0,10.0,6.0,3.0,11.0,33.0,0.255,0.34,0.394,0.733,105.0,0.325,104.0,37.0,2.0,1.0,0.0,0.0,2.0,6,,"$22,500,000 "
Nick Allen,25.0,OAK,AL,0.2,41.0,105.0,97.0,6.0,17.0,4.0,0.0,1.0,4.0,0.0,0.0,5.0,20.0,0.175,0.216,0.247,0.463,35.0,0.215,33.0,24.0,0.0,0.0,3.0,0.0,0.0,6/5H4,,"$276,345 "
Oliver Dunn,26.0,MIL,NL,0.2,41.0,104.0,95.0,11.0,21.0,2.0,2.0,1.0,7.0,3.0,0.0,6.0,40.0,0.221,0.282,0.316,0.597,67.0,0.269,58.0,30.0,1.0,2.0,1.0,0.0,0.0,5H/D34,,"$290,394 "
Alek Thomas,24.0,ARI,NL,0.0,39.0,103.0,95.0,13.0,18.0,5.0,1.0,3.0,17.0,4.0,1.0,7.0,17.0,0.189,0.245,0.358,0.603,66.0,0.283,71.0,34.0,7.0,0.0,1.0,0.0,0.0,8/HD,,"$591,591 "
Jacob Wilson,22.0,OAK,AL,-0.2,28.0,103.0,92.0,11.0,23.0,2.0,2.0,0.0,3.0,0.0,0.0,8.0,10.0,0.25,0.314,0.315,0.629,85.0,0.281,82.0,29.0,4.0,1.0,1.0,1.0,0.0,6/H,,"$286,416 "
Ben Gamel,32.0,HOU,AL,0.2,20.0,69.0,58.0,13.0,15.0,3.0,0.0,1.0,4.0,0.0,0.0,11.0,17.0,0.259,0.377,0.362,0.739,113.0,0.328,113.0,21.0,0.0,0.0,0.0,0.0,1.0,9/7H,,"$245,176 "
Aaron Schunk,26.0,COL,NL,0.2,39.0,98.0,94.0,14.0,22.0,3.0,0.0,2.0,7.0,0.0,1.0,4.0,31.0,0.234,0.265,0.33,0.595,60.0,0.26,55.0,31.0,0.0,0.0,0.0,0.0,1.0,45/H6D,,"$369,954 "
Weston Wilson,29.0,PHI,NL,0.7,40.0,98.0,88.0,13.0,25.0,7.0,1.0,3.0,10.0,3.0,0.0,8.0,29.0,0.284,0.347,0.489,0.836,131.0,0.372,135.0,43.0,2.0,1.0,0.0,1.0,0.0,7H/549318,,"$361,998 "
Jace Jung,23.0,DET,AL,-0.5,34.0,94.0,79.0,14.0,19.0,5.0,0.0,0.0,3.0,0.0,1.0,15.0,29.0,0.241,0.362,0.304,0.665,94.0,0.304,97.0,24.0,3.0,0.0,0.0,0.0,0.0,5H/D4,,"$175,032 "
Nick Madrigal,27.0,CHC,NL,-0.4,51.0,94.0,86.0,5.0,19.0,3.0,0.0,0.0,10.0,1.0,0.0,4.0,10.0,0.221,0.28,0.256,0.535,53.0,0.246,50.0,22.0,2.0,3.0,1.0,0.0,0.0,54/HD,,"$1,810,000 "
Nathan Lukes,29.0,TOR,AL,1.2,22.0,91.0,76.0,13.0,23.0,4.0,2.0,1.0,10.0,1.0,0.0,10.0,9.0,0.303,0.371,0.447,0.818,132.0,0.355,130.0,34.0,1.0,0.0,2.0,3.0,0.0,7/98HD,,"$123,318 "
Griffin Conine,26.0,MIA,NL,0.7,30.0,89.0,82.0,14.0,22.0,4.0,1.0,3.0,12.0,0.0,0.0,6.0,28.0,0.268,0.326,0.451,0.777,111.0,0.332,104.0,37.0,1.0,1.0,0.0,0.0,0.0,9/7HD,,"$135,252 "
Dillon Dingler,25.0,DET,AL,-0.3,27.0,87.0,84.0,2.0,14.0,5.0,2.0,1.0,11.0,0.0,0.0,3.0,30.0,0.167,0.195,0.31,0.505,42.0,0.217,31.0,26.0,2.0,0.0,0.0,0.0,0.0,2,,"$242,658 "
Will Wagner,25.0,TOR,AL,0.7,24.0,86.0,82.0,8.0,25.0,6.0,0.0,2.0,11.0,0.0,0.0,4.0,16.0,0.305,0.337,0.451,0.788,123.0,0.354,130.0,37.0,3.0,0.0,0.0,0.0,0.0,4/H3D,,"$190,944 "
Joshua Palacios,28.0,PIT,NL,-0.1,23.0,78.0,67.0,10.0,15.0,2.0,0.0,2.0,9.0,1.0,0.0,10.0,12.0,0.224,0.333,0.343,0.677,90.0,0.308,90.0,23.0,1.0,1.0,0.0,0.0,0.0,9/78H,,"$202,878 "
Chuckie Robinson,29.0,CHW,AL,-0.5,26.0,76.0,70.0,2.0,9.0,0.0,0.0,0.0,0.0,0.0,0.0,5.0,20.0,0.129,0.197,0.129,0.326,-3.0,0.171,0.0,9.0,1.0,1.0,0.0,0.0,0.0,2/H,,"$411,730 "
Zach DeLoach,25.0,CHW,AL,-0.1,22.0,75.0,67.0,10.0,14.0,5.0,0.0,1.0,5.0,0.0,1.0,8.0,21.0,0.209,0.293,0.328,0.622,79.0,0.28,84.0,22.0,0.0,0.0,0.0,0.0,0.0,9/7H8D,,"$163,098 "
Jon Berti,34.0,NYY,AL,0.6,25.0,74.0,66.0,10.0,18.0,0.0,0.0,1.0,6.0,5.0,1.0,6.0,14.0,0.273,0.342,0.318,0.661,91.0,0.334,108.0,21.0,2.0,1.0,1.0,0.0,0.0,5/H47D,,"$3,625,000 "
Eric Wagaman,26.0,LAA,AL,0.4,18.0,74.0,72.0,6.0,18.0,5.0,0.0,2.0,10.0,0.0,0.0,2.0,17.0,0.25,0.27,0.403,0.673,87.0,0.291,83.0,29.0,1.0,0.0,0.0,0.0,0.0,5/7H,,"$75,582 "
Jacob Amaya,25.0,CHW,AL,0.0,23.0,71.0,67.0,4.0,12.0,1.0,0.0,0.0,3.0,1.0,0.0,4.0,28.0,0.179,0.225,0.194,0.419,23.0,0.194,15.0,13.0,3.0,0.0,0.0,0.0,0.0,6,,"$171,054 "
Jack López,31.0,LAA,AL,0.0,27.0,71.0,67.0,4.0,17.0,3.0,0.0,1.0,6.0,0.0,1.0,2.0,25.0,0.254,0.286,0.343,0.629,77.0,0.289,87.0,23.0,2.0,1.0,1.0,0.0,0.0,4/6H9,,"$175,032 "
Eric Haase,31.0,MIL,NL,0.4,30.0,69.0,66.0,10.0,18.0,1.0,0.0,5.0,14.0,0.0,0.0,3.0,28.0,0.273,0.304,0.515,0.819,123.0,0.359,128.0,34.0,0.0,0.0,0.0,0.0,0.0,2/HD,,"$560,720 "
Zach Dezenzo,24.0,HOU,AL,-0.2,19.0,65.0,62.0,5.0,15.0,2.0,0.0,2.0,8.0,0.0,0.0,3.0,22.0,0.242,0.277,0.371,0.648,83.0,0.307,98.0,23.0,3.0,0.0,0.0,0.0,0.0,3/5DH,,"$131,274 "
Esteury Ruiz,25.0,OAK,AL,-0.1,29.0,65.0,55.0,10.0,11.0,2.0,1.0,2.0,8.0,5.0,4.0,4.0,20.0,0.2,0.27,0.382,0.652,87.0,0.266,80.0,21.0,1.0,2.0,2.0,2.0,0.0,7H/8,,"$688,860 "
Thomas Saggese,22.0,STL,NL,-0.2,18.0,52.0,49.0,5.0,10.0,2.0,0.0,1.0,4.0,0.0,0.0,2.0,14.0,0.204,0.25,0.306,0.556,55.0,0.246,48.0,15.0,0.0,1.0,0.0,0.0,0.0,4/65,,"$75,582 "
Rece Hinds,23.0,CIN,NL,0.7,24.0,51.0,46.0,9.0,12.0,4.0,1.0,5.0,11.0,2.0,0.0,4.0,16.0,0.261,0.333,0.717,1.051,177.0,0.435,173.0,33.0,0.0,1.0,0.0,0.0,0.0,9/H78D,,"$202,878 "
Luken Baker,27.0,STL,NL,-0.2,21.0,49.0,40.0,3.0,7.0,1.0,1.0,2.0,10.0,1.0,0.0,7.0,11.0,0.175,0.286,0.4,0.686,90.0,0.298,83.0,16.0,1.0,0.0,0.0,2.0,0.0,DH/3,,"$159,120 "
Billy Cook,25.0,PIT,NL,0.6,16.0,49.0,49.0,5.0,11.0,2.0,0.0,3.0,8.0,1.0,0.0,0.0,19.0,0.224,0.224,0.449,0.673,82.0,0.287,73.0,22.0,0.0,0.0,0.0,0.0,0.0,/3897,,"$83,538 "
Justin Foscue,25.0,TEX,AL,-0.7,15.0,44.0,42.0,3.0,2.0,1.0,0.0,0.0,1.0,0.0,0.0,2.0,18.0,0.048,0.091,0.071,0.162,-52.0,0.08,-65.0,3.0,0.0,0.0,0.0,0.0,0.0,D/4H3,,"$489,294 "
Eli White,30.0,ATL,NL,0.3,35.0,42.0,39.0,9.0,11.0,1.0,1.0,1.0,4.0,3.0,1.0,1.0,12.0,0.282,0.333,0.436,0.769,112.0,0.33,105.0,17.0,1.0,2.0,0.0,0.0,0.0,9H/78D4,,"$202,878 "
Nick Yorke,22.0,PIT,NL,-0.2,11.0,42.0,37.0,4.0,8.0,0.0,0.0,2.0,5.0,2.0,0.0,4.0,12.0,0.216,0.286,0.378,0.664,84.0,0.299,78.0,14.0,0.0,0.0,0.0,1.0,0.0,/4957,,"$740,000 "
Jonathan Ornelas,24.0,TEX,AL,0.0,18.0,40.0,37.0,1.0,8.0,2.0,0.0,0.0,3.0,0.0,0.0,2.0,13.0,0.216,0.256,0.27,0.527,53.0,0.237,46.0,10.0,0.0,0.0,1.0,0.0,0.0,/564H8,,"$238,680 "
Jhonny Pereda,28.0,MIA,NL,-0.1,20.0,40.0,39.0,2.0,9.0,0.0,0.0,0.0,4.0,0.0,0.0,0.0,10.0,0.231,0.25,0.231,0.481,34.0,0.239,37.0,9.0,2.0,1.0,0.0,0.0,0.0,2/H13,,"$198,900 "
Jordyn Adams,24.0,LAA,AL,-0.2,11.0,38.0,35.0,4.0,8.0,0.0,0.0,1.0,4.0,2.0,0.0,3.0,12.0,0.229,0.289,0.314,0.604,71.0,0.28,67.0,11.0,1.0,0.0,0.0,0.0,0.0,/987H,,"$87,516 "
Javier Sanoja,21.0,MIA,NL,0.0,15.0,36.0,35.0,3.0,8.0,2.0,0.0,0.0,2.0,0.0,0.0,1.0,4.0,0.229,0.25,0.286,0.536,47.0,0.235,34.0,10.0,2.0,0.0,0.0,0.0,0.0,/8H647D,,"$87,516 "
César Salazar,28.0,HOU,AL,0.2,12.0,32.0,25.0,5.0,8.0,2.0,0.0,0.0,8.0,0.0,0.0,2.0,6.0,0.32,0.387,0.4,0.787,126.0,0.344,125.0,10.0,0.0,2.0,1.0,2.0,0.0,2/DH,,"$230,724 "
Luis De Los Santos,26.0,TOR,AL,-0.1,13.0,31.0,29.0,2.0,5.0,2.0,0.0,0.0,1.0,0.0,0.0,2.0,10.0,0.172,0.226,0.241,0.467,34.0,0.208,26.0,7.0,2.0,0.0,0.0,0.0,0.0,5/H37,,"$167,076 "
Blake Dunn,25.0,CIN,NL,-0.2,19.0,29.0,26.0,8.0,4.0,1.0,0.0,1.0,1.0,2.0,0.0,2.0,11.0,0.154,0.241,0.308,0.549,50.0,0.263,44.0,8.0,1.0,1.0,0.0,0.0,0.0,7/H89D,,"$179,010 "
Buddy Kennedy,25.0,PHI,NL,0.0,8.0,13.0,11.0,1.0,2.0,1.0,0.0,0.0,2.0,0.0,0.0,2.0,3.0,0.182,0.308,0.273,0.58,65.0,0.271,67.0,3.0,0.0,0.0,0.0,0.0,0.0,/H54D,,"$55,692 "
Grae Kessinger,26.0,HOU,AL,-0.4,22.0,25.0,21.0,4.0,0.0,0.0,0.0,0.0,0.0,0.0,0.0,3.0,7.0,0.0,0.16,0.0,0.16,-48.0,0.111,-42.0,0.0,1.0,1.0,0.0,0.0,0.0,/H546D13,,"$343,140 "
Austin Wynns,33.0,CIN,NL,0.4,7.0,20.0,19.0,3.0,7.0,4.0,0.0,0.0,2.0,0.0,0.0,0.0,5.0,0.368,0.4,0.579,0.979,165.0,0.409,160.0,11.0,0.0,1.0,0.0,0.0,0.0,/2H,,"$914,332 "
Bryce Teodosio,25.0,LAA,AL,-0.2,5.0,12.0,12.0,1.0,1.0,0.0,0.0,0.0,0.0,0.0,0.0,0.0,5.0,0.083,0.083,0.083,0.167,-52.0,0.141,-24.0,1.0,0.0,0.0,0.0,0.0,0.0,/8DH,,"$87,516 "
Eddy Alvarez,34.0,NYM,NL,0.1,12.0,11.0,9.0,2.0,0.0,0.0,0.0,0.0,0.0,0.0,0.0,1.0,2.0,0.0,0.182,0.0,0.182,-41.0,0.128,-31.0,0.0,0.0,1.0,0.0,0.0,0.0,4/H16,,"$79,560 "
Matt Duffy,33.0,TEX,AL,0.2,4.0,10.0,7.0,2.0,2.0,0.0,0.0,0.0,0.0,0.0,0.0,2.0,1.0,0.286,0.5,0.286,0.786,136.0,0.388,156.0,2.0,0.0,1.0,0.0,0.0,0.0,/5H,,"$26,881 "
Michael Helman,28.0,MIN,AL,0.1,9.0,10.0,10.0,2.0,3.0,2.0,0.0,0.0,0.0,0.0,0.0,0.0,3.0,0.3,0.3,0.5,0.8,119.0,0.329,109.0,5.0,0.0,0.0,0.0,0.0,0.0,/8H759,,"$51,714 "
Liover Peguero,23.0,PIT,NL,-0.1,3.0,10.0,10.0,0.0,2.0,1.0,0.0,0.0,2.0,0.0,0.0,0.0,3.0,0.2,0.2,0.3,0.5,37.0,0.204,17.0,3.0,0.0,0.0,0.0,0.0,0.0,/6,,"$31,824 "
Dustin Harris,24.0,TEX,AL,0.2,2.0,7.0,6.0,1.0,2.0,1.0,0.0,1.0,3.0,0.0,0.0,1.0,2.0,0.333,0.429,1.0,1.429,296.0,0.568,285.0,6.0,0.0,0.0,0.0,0.0,0.0,/D,,"$19,890 "
Luis Castillo,31.0,SEA,AL,0.0,1.0,1.0,1.0,0.0,0.0,0.0,0.0,0.0,0.0,0.0,0.0,0.0,1.0,0.0,0.0,0.0,0.0,-100.0,0.0,-118.0,0.0,0.0,0.0,0.0,0.0,0.0,1,,"$22,750,000 "
Scott McGough,34.0,ARI,NL,0.0,2.0,1.0,1.0,0.0,0.0,0.0,0.0,0.0,0.0,0.0,0.0,0.0,1.0,0.0,0.0,0.0,0.0,-100.0,0.0,-136.0,0.0,0.0,0.0,0.0,0.0,0.0,1,,"$3,000,000 "
Pedro Avila,27.0,CLE,AL,0.0,1.0,0.0,0.0,0.0,0.0,0.0,0.0,0.0,0.0,0.0,0.0,0.0,0.0,,,,,,,,0.0,0.0,0.0,0.0,0.0,0.0,1,,"$658,296 "
Brennan Bernardino,32.0,BOS,AL,0.0,1.0,0.0,0.0,0.0,0.0,0.0,0.0,0.0,0.0,0.0,0.0,0.0,0.0,,,,,,,,0.0,0.0,0.0,0.0,0.0,0.0,1,,"$680,238 "
Isaiah Campbell,26.0,BOS,AL,0.0,2.0,0.0,0.0,0.0,0.0,0.0,0.0,0.0,0.0,0.0,0.0,0.0,0.0,,,,,,,,0.0,0.0,0.0,0.0,0.0,0.0,/1,,"$385,056 "
Danny Coulombe,34.0,BAL,AL,0.0,1.0,0.0,0.0,0.0,0.0,0.0,0.0,0.0,0.0,0.0,0.0,0.0,0.0,,,,,,,,0.0,0.0,0.0,0.0,0.0,0.0,1,,"$2,300,000 "
Jeff Criswell,25.0,COL,NL,0.0,1.0,0.0,0.0,0.0,0.0,0.0,0.0,0.0,0.0,0.0,0.0,0.0,0.0,,,,,,,,0.0,0.0,0.0,0.0,0.0,0.0,1,,"$155,142 "
Buck Farmer,33.0,CIN,NL,0.0,1.0,0.0,0.0,0.0,0.0,0.0,0.0,0.0,0.0,0.0,0.0,0.0,0.0,,,,,,,,0.0,0.0,0.0,0.0,0.0,0.0,1,,"$2,550,000 "
Ryan Fernandez,26.0,STL,NL,0.0,2.0,0.0,0.0,0.0,0.0,0.0,0.0,0.0,0.0,0.0,0.0,0.0,0.0,,,,,,,,0.0,0.0,0.0,0.0,0.0,0.0,1,,"$740,000 "
Jason Foley,28.0,DET,AL,0.0,1.0,0.0,0.0,0.0,0.0,0.0,0.0,0.0,0.0,0.0,0.0,0.0,0.0,,,,,,,,0.0,0.0,0.0,0.0,0.0,0.0,1,,"$766,300 "
Kyle Freeland,31.0,COL,NL,0.0,2.0,0.0,0.0,0.0,0.0,0.0,0.0,0.0,0.0,0.0,0.0,0.0,0.0,,,,,,,,0.0,0.0,0.0,0.0,0.0,0.0,1/H,,"$15,000,000 "
Hunter Gaddis,26.0,CLE,AL,0.0,1.0,0.0,0.0,0.0,0.0,0.0,0.0,0.0,0.0,0.0,0.0,0.0,0.0,,,,,,,,0.0,0.0,0.0,0.0,0.0,0.0,1,,"$1,032,035 "
Kevin Ginkel,30.0,ARI,NL,0.0,2.0,0.0,0.0,0.0,0.0,0.0,0.0,0.0,0.0,0.0,0.0,0.0,0.0,,,,,,,,0.0,0.0,0.0,0.0,0.0,0.0,1,,"$1,225,000 "
Chad Green,33.0,TOR,AL,0.0,1.0,0.0,0.0,0.0,0.0,0.0,0.0,0.0,0.0,0.0,0.0,0.0,0.0,,,,,,,,0.0,0.0,0.0,0.0,0.0,0.0,1,,"$10,500,000 "
Josh Hader,30.0,HOU,AL,0.0,3.0,0.0,0.0,0.0,0.0,0.0,0.0,0.0,0.0,0.0,0.0,0.0,0.0,,,,,,,,0.0,0.0,0.0,0.0,0.0,0.0,1,,"$19,000,000 "
Seth Halvorsen,24.0,COL,NL,0.0,1.0,0.0,0.0,0.0,0.0,0.0,0.0,0.0,0.0,0.0,0.0,0.0,0.0,,,,,,,,0.0,0.0,0.0,0.0,0.0,0.0,1,,"$119,340 "
Ryan Helsley,29.0,STL,NL,0.0,2.0,0.0,0.0,0.0,0.0,0.0,0.0,0.0,0.0,0.0,0.0,0.0,0.0,,,,,,,,0.0,0.0,0.0,0.0,0.0,0.0,1,"AS,CYA-9","$3,800,000 "
Porter Hodge,23.0,CHC,NL,0.0,1.0,0.0,0.0,0.0,0.0,0.0,0.0,0.0,0.0,0.0,0.0,0.0,0.0,,,,,,,,0.0,0.0,0.0,0.0,0.0,0.0,1,,"$489,294 "
Bryce Jarvis,26.0,ARI,NL,0.0,2.0,0.0,0.0,0.0,0.0,0.0,0.0,0.0,0.0,0.0,0.0,0.0,0.0,,,,,,,,0.0,0.0,0.0,0.0,0.0,0.0,1,,"$743,600 "
Bryan King,27.0,HOU,AL,0.0,1.0,0.0,0.0,0.0,0.0,0.0,0.0,0.0,0.0,0.0,0.0,0.0,0.0,,,,,,,,0.0,0.0,0.0,0.0,0.0,0.0,1,,"$338,130 "
Tyler Kinley,33.0,COL,NL,0.0,2.0,0.0,0.0,0.0,0.0,0.0,0.0,0.0,0.0,0.0,0.0,0.0,0.0,,,,,,,,0.0,0.0,0.0,0.0,0.0,0.0,1,,"$1,300,000 "
Andrew Kittredge,34.0,STL,NL,0.0,1.0,0.0,0.0,0.0,0.0,0.0,0.0,0.0,0.0,0.0,0.0,0.0,0.0,,,,,,,,0.0,0.0,0.0,0.0,0.0,0.0,1,,"$2,630,000 "
Justin Lawrence,29.0,COL,NL,0.0,2.0,0.0,0.0,0.0,0.0,0.0,0.0,0.0,0.0,0.0,0.0,0.0,0.0,,,,,,,,0.0,0.0,0.0,0.0,0.0,0.0,1,,"$745,000 "
Joe Mantiply,33.0,ARI,NL,0.0,1.0,0.0,0.0,0.0,0.0,0.0,0.0,0.0,0.0,0.0,0.0,0.0,0.0,,,,,,,,0.0,0.0,0.0,0.0,0.0,0.0,1,,"$925,000 "
Chris Martin,38.0,BOS,AL,0.0,2.0,0.0,0.0,0.0,0.0,0.0,0.0,0.0,0.0,0.0,0.0,0.0,0.0,,,,,,,,0.0,0.0,0.0,0.0,0.0,0.0,1,,"$7,500,000 "
Trevor Megill,30.0,MIL,NL,0.0,1.0,0.0,0.0,0.0,0.0,0.0,0.0,0.0,0.0,0.0,0.0,0.0,0.0,,,,,,,,0.0,0.0,0.0,0.0,0.0,0.0,1,,"$756,600 "
Julian Merryweather,32.0,CHC,NL,0.0,1.0,0.0,0.0,0.0,0.0,0.0,0.0,0.0,0.0,0.0,0.0,0.0,0.0,,,,,,,,0.0,0.0,0.0,0.0,0.0,0.0,1,,"$1,175,000 "
Hoby Milner,33.0,MIL,NL,0.0,1.0,0.0,0.0,0.0,0.0,0.0,0.0,0.0,0.0,0.0,0.0,0.0,0.0,,,,,,,,0.0,0.0,0.0,0.0,0.0,0.0,1,,"$2,050,000 "
Joel Payamps,30.0,MIL,NL,0.0,1.0,0.0,0.0,0.0,0.0,0.0,0.0,0.0,0.0,0.0,0.0,0.0,0.0,,,,,,,,0.0,0.0,0.0,0.0,0.0,0.0,1,,"$1,650,000 "
Ryan Pressly,35.0,HOU,AL,0.0,2.0,0.0,0.0,0.0,0.0,0.0,0.0,0.0,0.0,0.0,0.0,0.0,0.0,,,,,,,,0.0,0.0,0.0,0.0,0.0,0.0,1,,"$14,000,000 "
A.J. Puk,29.0,ARI,NL,0.0,1.0,0.0,0.0,0.0,0.0,0.0,0.0,0.0,0.0,0.0,0.0,0.0,0.0,,,,,,,,0.0,0.0,0.0,0.0,0.0,0.0,1,,"$638,710 "
David Robertson,39.0,TEX,AL,0.0,2.0,0.0,0.0,0.0,0.0,0.0,0.0,0.0,0.0,0.0,0.0,0.0,0.0,,,,,,,,0.0,0.0,0.0,0.0,0.0,0.0,1,,"$5,000,000 "
JoJo Romero,27.0,STL,NL,0.0,1.0,0.0,0.0,0.0,0.0,0.0,0.0,0.0,0.0,0.0,0.0,0.0,0.0,,,,,,,,0.0,0.0,0.0,0.0,0.0,0.0,1,,"$860,000 "
Paul Sewald,34.0,ARI,NL,0.0,1.0,0.0,0.0,0.0,0.0,0.0,0.0,0.0,0.0,0.0,0.0,0.0,0.0,,,,,,,,0.0,0.0,0.0,0.0,0.0,0.0,1,,"$7,350,000 "
Chase Shugart,27.0,BOS,AL,0.0,1.0,0.0,0.0,0.0,0.0,0.0,0.0,0.0,0.0,0.0,0.0,0.0,0.0,,,,,,,,0.0,0.0,0.0,0.0,0.0,0.0,/1,,"$71,604 "
Ryan Thompson,32.0,ARI,NL,0.0,1.0,0.0,0.0,0.0,0.0,0.0,0.0,0.0,0.0,0.0,0.0,0.0,0.0,,,,,,,,0.0,0.0,0.0,0.0,0.0,0.0,1,,"$1,350,000 "
Trent Thornton,30.0,SEA,AL,0.0,1.0,0.0,0.0,0.0,0.0,0.0,0.0,0.0,0.0,0.0,0.0,0.0,0.0,,,,,,,,0.0,0.0,0.0,0.0,0.0,0.0,1,,"$1,200,000 "
José Ureña,32.0,TEX,AL,0.0,2.0,0.0,0.0,0.0,0.0,0.0,0.0,0.0,0.0,0.0,0.0,0.0,0.0,,,,,,,,0.0,0.0,0.0,0.0,0.0,0.0,1,,"$1,500,000 "
Victor Vodnik,24.0,COL,NL,0.0,1.0,0.0,0.0,0.0,0.0,0.0,0.0,0.0,0.0,0.0,0.0,0.0,0.0,,,,,,,,0.0,0.0,0.0,0.0,0.0,0.0,1,,"$742,000 "
Austin Voth,32.0,SEA,AL,0.0,1.0,0.0,0.0,0.0,0.0,0.0,0.0,0.0,0.0,0.0,0.0,0.0,0.0,,,,,,,,0.0,0.0,0.0,0.0,0.0,0.0,1,,"$1,400,000 "
Jacob Webb,30.0,BAL,AL,0.0,1.0,0.0,0.0,0.0,0.0,0.0,0.0,0.0,0.0,0.0,0.0,0.0,0.0,,,,,,,,0.0,0.0,0.0,0.0,0.0,0.0,1,,"$1,000,000 "
Justin Wilson,36.0,CIN,NL,0.0,1.0,0.0,0.0,0.0,0.0,0.0,0.0,0.0,0.0,0.0,0.0,0.0,0.0,,,,,,,,0.0,0.0,0.0,0.0,0.0,0.0,1,,"$1,500,000 "
Josh Winckowski,26.0,BOS,AL,0.0,1.0,0.0,0.0,0.0,0.0,0.0,0.0,0.0,0.0,0.0,0.0,0.0,0.0,,,,,,,,0.0,0.0,0.0,0.0,0.0,0.0,1,,"$623,009 "
Kirby Yates,37.0,TEX,AL,0.0,3.0,0.0,0.0,0.0,0.0,0.0,0.0,0.0,0.0,0.0,0.0,0.0,0.0,,,,,,,,0.0,0.0,0.0,0.0,0.0,0.0,1,"AS,CYA-8","$4,500,000 "
